false_positive_rate,true_positive_rate,hypothesis_pair
0.0,0.0,active_vs_baseline
0.0,0.0002,active_vs_baseline
0.0,0.0004,active_vs_baseline
0.0,0.0006,active_vs_baseline
0.0,0.0008,active_vs_baseline
0.0,0.001,active_vs_baseline
0.0,0.0012,active_vs_baseline
0.0,0.0014,active_vs_baseline
0.0,0.0016,active_vs_baseline
0.0,0.0018,active_vs_baseline
0.0,0.002,active_vs_baseline
0.0,0.0022,active_vs_baseline
0.0,0.0024,active_vs_baseline
0.0,0.0026,active_vs_baseline
0.0,0.0028,active_vs_baseline
0.0,0.003,active_vs_baseline
0.0,0.0032,active_vs_baseline
0.0,0.0034,active_vs_baseline
0.0,0.0036,active_vs_baseline
0.0,0.0038,active_vs_baseline
0.0,0.004,active_vs_baseline
0.0,0.0042,active_vs_baseline
0.0,0.0044,active_vs_baseline
0.0,0.0046,active_vs_baseline
0.0,0.0048,active_vs_baseline
0.0,0.005,active_vs_baseline
0.0,0.0052,active_vs_baseline
0.0,0.0054,active_vs_baseline
0.0,0.0056,active_vs_baseline
0.0,0.0058,active_vs_baseline
0.0,0.006,active_vs_baseline
0.0,0.0062,active_vs_baseline
0.0,0.0064,active_vs_baseline
0.0,0.0066,active_vs_baseline
0.0,0.0068,active_vs_baseline
0.0,0.007,active_vs_baseline
0.0,0.0072,active_vs_baseline
0.0,0.0074,active_vs_baseline
0.0,0.0076,active_vs_baseline
0.0,0.0078,active_vs_baseline
0.0,0.008,active_vs_baseline
0.0,0.0082,active_vs_baseline
0.0,0.0084,active_vs_baseline
0.0,0.0086,active_vs_baseline
0.0,0.0088,active_vs_baseline
0.0,0.009,active_vs_baseline
0.0,0.0092,active_vs_baseline
0.0,0.0094,active_vs_baseline
0.0,0.0096,active_vs_baseline
0.0,0.0098,active_vs_baseline
0.0,0.01,active_vs_baseline
0.0,0.0102,active_vs_baseline
0.0,0.0104,active_vs_baseline
0.0,0.0106,active_vs_baseline
0.0,0.0108,active_vs_baseline
0.0,0.011,active_vs_baseline
0.0,0.0112,active_vs_baseline
0.0,0.0114,active_vs_baseline
0.0,0.0116,active_vs_baseline
0.0,0.0118,active_vs_baseline
0.0,0.012,active_vs_baseline
0.0,0.0122,active_vs_baseline
0.0,0.0124,active_vs_baseline
0.0,0.0126,active_vs_baseline
0.0,0.0128,active_vs_baseline
0.0,0.013,active_vs_baseline
0.0,0.0132,active_vs_baseline
0.0,0.0134,active_vs_baseline
0.0,0.0136,active_vs_baseline
0.0,0.0138,active_vs_baseline
0.0,0.014,active_vs_baseline
0.0,0.0142,active_vs_baseline
0.0,0.0144,active_vs_baseline
0.0,0.0146,active_vs_baseline
0.0,0.0148,active_vs_baseline
0.0,0.015,active_vs_baseline
0.0,0.0152,active_vs_baseline
0.0,0.0154,active_vs_baseline
0.0,0.0156,active_vs_baseline
0.0,0.0158,active_vs_baseline
0.0,0.016,active_vs_baseline
0.0,0.0162,active_vs_baseline
0.0,0.0164,active_vs_baseline
0.0,0.0166,active_vs_baseline
0.0,0.0168,active_vs_baseline
0.0,0.017,active_vs_baseline
0.0,0.0172,active_vs_baseline
0.0,0.0174,active_vs_baseline
0.0,0.0176,active_vs_baseline
0.0,0.0178,active_vs_baseline
0.0,0.018,active_vs_baseline
0.0,0.0182,active_vs_baseline
0.0,0.0184,active_vs_baseline
0.0,0.0186,active_vs_baseline
0.0,0.0188,active_vs_baseline
0.0,0.019,active_vs_baseline
0.0,0.0192,active_vs_baseline
0.0,0.0194,active_vs_baseline
0.0,0.0196,active_vs_baseline
0.0,0.0198,active_vs_baseline
0.0,0.02,active_vs_baseline
0.0,0.0202,active_vs_baseline
0.0,0.0204,active_vs_baseline
0.0,0.0206,active_vs_baseline
0.0,0.0208,active_vs_baseline
0.0,0.021,active_vs_baseline
0.0,0.0212,active_vs_baseline
0.0,0.0214,active_vs_baseline
0.0,0.0216,active_vs_baseline
0.0,0.0218,active_vs_baseline
0.0,0.022,active_vs_baseline
0.0,0.0222,active_vs_baseline
0.0,0.0224,active_vs_baseline
0.0,0.0226,active_vs_baseline
0.0,0.0228,active_vs_baseline
0.0,0.023,active_vs_baseline
0.0,0.0232,active_vs_baseline
0.0,0.0234,active_vs_baseline
0.0,0.0236,active_vs_baseline
0.0,0.0238,active_vs_baseline
0.0,0.024,active_vs_baseline
0.0,0.0242,active_vs_baseline
0.0,0.0244,active_vs_baseline
0.0,0.0246,active_vs_baseline
0.0,0.0248,active_vs_baseline
0.0,0.025,active_vs_baseline
0.0,0.0252,active_vs_baseline
0.0,0.0254,active_vs_baseline
0.0,0.0256,active_vs_baseline
0.0,0.0258,active_vs_baseline
0.0,0.026,active_vs_baseline
0.0,0.0262,active_vs_baseline
0.0,0.0264,active_vs_baseline
0.0,0.0266,active_vs_baseline
0.0,0.0268,active_vs_baseline
0.0,0.027,active_vs_baseline
0.0,0.0272,active_vs_baseline
0.0,0.0274,active_vs_baseline
0.0,0.0276,active_vs_baseline
0.0,0.0278,active_vs_baseline
0.0,0.028,active_vs_baseline
0.0,0.0282,active_vs_baseline
0.0,0.0284,active_vs_baseline
0.0,0.0286,active_vs_baseline
0.0,0.0288,active_vs_baseline
0.0,0.029,active_vs_baseline
0.0,0.0292,active_vs_baseline
0.0,0.0294,active_vs_baseline
0.0,0.0296,active_vs_baseline
0.0,0.0298,active_vs_baseline
0.0,0.03,active_vs_baseline
0.0,0.0302,active_vs_baseline
0.0,0.0304,active_vs_baseline
0.0,0.0308,active_vs_baseline
0.0,0.031,active_vs_baseline
0.0,0.0312,active_vs_baseline
0.0,0.0314,active_vs_baseline
0.0,0.0316,active_vs_baseline
0.0,0.0318,active_vs_baseline
0.0,0.0322,active_vs_baseline
0.0,0.0324,active_vs_baseline
0.0,0.0328,active_vs_baseline
0.0,0.033,active_vs_baseline
0.0,0.0332,active_vs_baseline
0.0,0.0334,active_vs_baseline
0.0,0.0336,active_vs_baseline
0.0,0.0338,active_vs_baseline
0.0,0.034,active_vs_baseline
0.0,0.0342,active_vs_baseline
0.0,0.0344,active_vs_baseline
0.0,0.0346,active_vs_baseline
0.0,0.0348,active_vs_baseline
0.0,0.035,active_vs_baseline
0.0,0.0352,active_vs_baseline
0.0,0.0354,active_vs_baseline
0.0,0.0356,active_vs_baseline
0.0,0.0358,active_vs_baseline
0.0,0.036,active_vs_baseline
0.0,0.0362,active_vs_baseline
0.0,0.0364,active_vs_baseline
0.0,0.0366,active_vs_baseline
0.0,0.0368,active_vs_baseline
0.0,0.037,active_vs_baseline
0.0,0.0372,active_vs_baseline
0.0,0.0374,active_vs_baseline
0.0,0.0376,active_vs_baseline
0.0,0.0378,active_vs_baseline
0.0,0.038,active_vs_baseline
0.0,0.0384,active_vs_baseline
0.0,0.0386,active_vs_baseline
0.0,0.0388,active_vs_baseline
0.0,0.039,active_vs_baseline
0.0,0.0392,active_vs_baseline
0.0,0.0394,active_vs_baseline
0.0,0.0396,active_vs_baseline
0.0,0.0398,active_vs_baseline
0.0,0.04,active_vs_baseline
0.0,0.0402,active_vs_baseline
0.0,0.0404,active_vs_baseline
0.0,0.0406,active_vs_baseline
0.0,0.0408,active_vs_baseline
0.0,0.041,active_vs_baseline
0.0,0.0412,active_vs_baseline
0.0,0.0414,active_vs_baseline
0.0,0.0416,active_vs_baseline
0.0,0.0418,active_vs_baseline
0.0,0.042,active_vs_baseline
0.0,0.0422,active_vs_baseline
0.0,0.0424,active_vs_baseline
0.0,0.0426,active_vs_baseline
0.0,0.0428,active_vs_baseline
0.0,0.043,active_vs_baseline
0.0,0.0432,active_vs_baseline
0.0,0.0434,active_vs_baseline
0.0,0.0436,active_vs_baseline
0.0,0.0438,active_vs_baseline
0.0,0.044,active_vs_baseline
0.0,0.0442,active_vs_baseline
0.0,0.0444,active_vs_baseline
0.0,0.0446,active_vs_baseline
0.0,0.0448,active_vs_baseline
0.0,0.045,active_vs_baseline
0.0,0.0452,active_vs_baseline
0.0,0.0454,active_vs_baseline
0.0,0.0456,active_vs_baseline
0.0,0.0458,active_vs_baseline
0.0,0.046,active_vs_baseline
0.0,0.0462,active_vs_baseline
0.0,0.0464,active_vs_baseline
0.0,0.0466,active_vs_baseline
0.0,0.047,active_vs_baseline
0.0,0.0472,active_vs_baseline
0.0,0.0474,active_vs_baseline
0.0,0.0476,active_vs_baseline
0.0,0.0478,active_vs_baseline
0.0,0.048,active_vs_baseline
0.0,0.0482,active_vs_baseline
0.0,0.0484,active_vs_baseline
0.0,0.0486,active_vs_baseline
0.0,0.0488,active_vs_baseline
0.0,0.049,active_vs_baseline
0.0,0.0492,active_vs_baseline
0.0,0.0494,active_vs_baseline
0.0,0.0496,active_vs_baseline
0.0,0.0498,active_vs_baseline
0.0,0.05,active_vs_baseline
0.0,0.0502,active_vs_baseline
0.0,0.0504,active_vs_baseline
0.0,0.0506,active_vs_baseline
0.0,0.0508,active_vs_baseline
0.0,0.051,active_vs_baseline
0.0,0.0512,active_vs_baseline
0.0,0.0514,active_vs_baseline
0.0,0.0516,active_vs_baseline
0.0,0.0518,active_vs_baseline
0.0,0.052,active_vs_baseline
0.0,0.0522,active_vs_baseline
0.0,0.0524,active_vs_baseline
0.0,0.0526,active_vs_baseline
0.0,0.0528,active_vs_baseline
0.0,0.053,active_vs_baseline
0.0,0.0532,active_vs_baseline
0.0,0.0534,active_vs_baseline
0.0,0.0536,active_vs_baseline
0.0,0.0538,active_vs_baseline
0.0,0.0542,active_vs_baseline
0.0,0.0546,active_vs_baseline
0.0,0.0548,active_vs_baseline
0.0,0.055,active_vs_baseline
0.0,0.0552,active_vs_baseline
0.0,0.0554,active_vs_baseline
0.0,0.0556,active_vs_baseline
0.0,0.0558,active_vs_baseline
0.0,0.056,active_vs_baseline
0.0,0.0568,active_vs_baseline
0.0,0.057,active_vs_baseline
0.0,0.0572,active_vs_baseline
0.0,0.0574,active_vs_baseline
0.0,0.0576,active_vs_baseline
0.0,0.0578,active_vs_baseline
0.0,0.058,active_vs_baseline
0.0,0.0582,active_vs_baseline
0.0,0.0584,active_vs_baseline
0.0,0.0586,active_vs_baseline
0.0002,0.0586,active_vs_baseline
0.0002,0.0588,active_vs_baseline
0.0002,0.059,active_vs_baseline
0.0002,0.0592,active_vs_baseline
0.0002,0.0594,active_vs_baseline
0.0002,0.0596,active_vs_baseline
0.0002,0.0598,active_vs_baseline
0.0002,0.06,active_vs_baseline
0.0002,0.0602,active_vs_baseline
0.0002,0.0604,active_vs_baseline
0.0002,0.0606,active_vs_baseline
0.0002,0.0608,active_vs_baseline
0.0002,0.061,active_vs_baseline
0.0002,0.0612,active_vs_baseline
0.0002,0.0614,active_vs_baseline
0.0002,0.0616,active_vs_baseline
0.0002,0.0618,active_vs_baseline
0.0002,0.062,active_vs_baseline
0.0002,0.0622,active_vs_baseline
0.0002,0.0624,active_vs_baseline
0.0002,0.0626,active_vs_baseline
0.0002,0.0628,active_vs_baseline
0.0002,0.063,active_vs_baseline
0.0002,0.0632,active_vs_baseline
0.0002,0.0634,active_vs_baseline
0.0002,0.0636,active_vs_baseline
0.0002,0.0638,active_vs_baseline
0.0002,0.064,active_vs_baseline
0.0002,0.0642,active_vs_baseline
0.0002,0.0644,active_vs_baseline
0.0002,0.0646,active_vs_baseline
0.0002,0.0648,active_vs_baseline
0.0002,0.065,active_vs_baseline
0.0002,0.0652,active_vs_baseline
0.0002,0.0654,active_vs_baseline
0.0002,0.0656,active_vs_baseline
0.0002,0.0658,active_vs_baseline
0.0002,0.066,active_vs_baseline
0.0002,0.0662,active_vs_baseline
0.0002,0.0664,active_vs_baseline
0.0002,0.0668,active_vs_baseline
0.0002,0.067,active_vs_baseline
0.0002,0.0672,active_vs_baseline
0.0002,0.0674,active_vs_baseline
0.0002,0.0676,active_vs_baseline
0.0002,0.0678,active_vs_baseline
0.0002,0.068,active_vs_baseline
0.0002,0.0682,active_vs_baseline
0.0002,0.0684,active_vs_baseline
0.0002,0.0686,active_vs_baseline
0.0002,0.0688,active_vs_baseline
0.0002,0.069,active_vs_baseline
0.0002,0.0692,active_vs_baseline
0.0002,0.0696,active_vs_baseline
0.0002,0.0698,active_vs_baseline
0.0002,0.07,active_vs_baseline
0.0002,0.0702,active_vs_baseline
0.0002,0.0706,active_vs_baseline
0.0002,0.0708,active_vs_baseline
0.0002,0.071,active_vs_baseline
0.0002,0.0712,active_vs_baseline
0.0002,0.0716,active_vs_baseline
0.0002,0.0718,active_vs_baseline
0.0002,0.072,active_vs_baseline
0.0002,0.0722,active_vs_baseline
0.0002,0.0726,active_vs_baseline
0.0002,0.0728,active_vs_baseline
0.0002,0.073,active_vs_baseline
0.0002,0.0732,active_vs_baseline
0.0002,0.0734,active_vs_baseline
0.0002,0.0736,active_vs_baseline
0.0002,0.0738,active_vs_baseline
0.0002,0.074,active_vs_baseline
0.0002,0.0742,active_vs_baseline
0.0002,0.0744,active_vs_baseline
0.0002,0.0746,active_vs_baseline
0.0002,0.0748,active_vs_baseline
0.0002,0.075,active_vs_baseline
0.0002,0.0754,active_vs_baseline
0.0002,0.0756,active_vs_baseline
0.0002,0.0758,active_vs_baseline
0.0002,0.0762,active_vs_baseline
0.0002,0.0764,active_vs_baseline
0.0002,0.0766,active_vs_baseline
0.0002,0.0768,active_vs_baseline
0.0002,0.077,active_vs_baseline
0.0002,0.0772,active_vs_baseline
0.0002,0.0774,active_vs_baseline
0.0002,0.0776,active_vs_baseline
0.0002,0.0778,active_vs_baseline
0.0002,0.078,active_vs_baseline
0.0002,0.0782,active_vs_baseline
0.0002,0.0784,active_vs_baseline
0.0002,0.0786,active_vs_baseline
0.0002,0.0788,active_vs_baseline
0.0002,0.079,active_vs_baseline
0.0002,0.0792,active_vs_baseline
0.0002,0.0794,active_vs_baseline
0.0002,0.0796,active_vs_baseline
0.0002,0.08,active_vs_baseline
0.0002,0.0802,active_vs_baseline
0.0002,0.0804,active_vs_baseline
0.0002,0.0806,active_vs_baseline
0.0002,0.0808,active_vs_baseline
0.0002,0.081,active_vs_baseline
0.0002,0.0812,active_vs_baseline
0.0002,0.0814,active_vs_baseline
0.0002,0.0816,active_vs_baseline
0.0002,0.0818,active_vs_baseline
0.0002,0.082,active_vs_baseline
0.0002,0.0822,active_vs_baseline
0.0002,0.0824,active_vs_baseline
0.0002,0.0826,active_vs_baseline
0.0002,0.0828,active_vs_baseline
0.0002,0.083,active_vs_baseline
0.0002,0.0832,active_vs_baseline
0.0002,0.0834,active_vs_baseline
0.0002,0.0836,active_vs_baseline
0.0002,0.0838,active_vs_baseline
0.0002,0.084,active_vs_baseline
0.0002,0.0842,active_vs_baseline
0.0002,0.0844,active_vs_baseline
0.0002,0.0846,active_vs_baseline
0.0002,0.0848,active_vs_baseline
0.0002,0.085,active_vs_baseline
0.0002,0.0852,active_vs_baseline
0.0002,0.0854,active_vs_baseline
0.0002,0.0856,active_vs_baseline
0.0002,0.0858,active_vs_baseline
0.0002,0.086,active_vs_baseline
0.0002,0.0862,active_vs_baseline
0.0002,0.0864,active_vs_baseline
0.0002,0.0866,active_vs_baseline
0.0002,0.0868,active_vs_baseline
0.0002,0.087,active_vs_baseline
0.0002,0.0872,active_vs_baseline
0.0002,0.0874,active_vs_baseline
0.0002,0.0876,active_vs_baseline
0.0002,0.088,active_vs_baseline
0.0002,0.0882,active_vs_baseline
0.0002,0.0884,active_vs_baseline
0.0002,0.0886,active_vs_baseline
0.0002,0.0888,active_vs_baseline
0.0002,0.089,active_vs_baseline
0.0002,0.0892,active_vs_baseline
0.0002,0.0894,active_vs_baseline
0.0002,0.0896,active_vs_baseline
0.0002,0.0898,active_vs_baseline
0.0002,0.09,active_vs_baseline
0.0002,0.0902,active_vs_baseline
0.0002,0.0904,active_vs_baseline
0.0002,0.0906,active_vs_baseline
0.0002,0.0908,active_vs_baseline
0.0002,0.091,active_vs_baseline
0.0002,0.0912,active_vs_baseline
0.0002,0.0914,active_vs_baseline
0.0002,0.0916,active_vs_baseline
0.0002,0.0918,active_vs_baseline
0.0002,0.092,active_vs_baseline
0.0002,0.0922,active_vs_baseline
0.0002,0.0924,active_vs_baseline
0.0002,0.0926,active_vs_baseline
0.0002,0.0928,active_vs_baseline
0.0002,0.093,active_vs_baseline
0.0002,0.0932,active_vs_baseline
0.0002,0.0934,active_vs_baseline
0.0002,0.0936,active_vs_baseline
0.0002,0.0938,active_vs_baseline
0.0002,0.094,active_vs_baseline
0.0002,0.0942,active_vs_baseline
0.0002,0.0944,active_vs_baseline
0.0002,0.0946,active_vs_baseline
0.0002,0.0948,active_vs_baseline
0.0002,0.095,active_vs_baseline
0.0002,0.0952,active_vs_baseline
0.0002,0.0954,active_vs_baseline
0.0002,0.0956,active_vs_baseline
0.0002,0.0958,active_vs_baseline
0.0002,0.096,active_vs_baseline
0.0002,0.0962,active_vs_baseline
0.0002,0.0968,active_vs_baseline
0.0002,0.097,active_vs_baseline
0.0002,0.0972,active_vs_baseline
0.0002,0.0974,active_vs_baseline
0.0002,0.0976,active_vs_baseline
0.0002,0.0978,active_vs_baseline
0.0002,0.098,active_vs_baseline
0.0002,0.0982,active_vs_baseline
0.0002,0.0984,active_vs_baseline
0.0002,0.0986,active_vs_baseline
0.0002,0.0988,active_vs_baseline
0.0002,0.099,active_vs_baseline
0.0002,0.0992,active_vs_baseline
0.0002,0.0996,active_vs_baseline
0.0002,0.0998,active_vs_baseline
0.0002,0.1,active_vs_baseline
0.0002,0.1002,active_vs_baseline
0.0002,0.1004,active_vs_baseline
0.0002,0.1012,active_vs_baseline
0.0002,0.1014,active_vs_baseline
0.0002,0.1016,active_vs_baseline
0.0002,0.1018,active_vs_baseline
0.0002,0.102,active_vs_baseline
0.0002,0.1022,active_vs_baseline
0.0002,0.1024,active_vs_baseline
0.0002,0.1026,active_vs_baseline
0.0002,0.1028,active_vs_baseline
0.0002,0.103,active_vs_baseline
0.0002,0.1032,active_vs_baseline
0.0002,0.1036,active_vs_baseline
0.0002,0.1038,active_vs_baseline
0.0002,0.104,active_vs_baseline
0.0002,0.1042,active_vs_baseline
0.0002,0.1044,active_vs_baseline
0.0002,0.1046,active_vs_baseline
0.0002,0.1048,active_vs_baseline
0.0002,0.1052,active_vs_baseline
0.0002,0.1054,active_vs_baseline
0.0002,0.1056,active_vs_baseline
0.0002,0.1062,active_vs_baseline
0.0002,0.1066,active_vs_baseline
0.0002,0.1068,active_vs_baseline
0.0002,0.107,active_vs_baseline
0.0002,0.1072,active_vs_baseline
0.0002,0.1074,active_vs_baseline
0.0002,0.1076,active_vs_baseline
0.0002,0.1078,active_vs_baseline
0.0002,0.108,active_vs_baseline
0.0002,0.1082,active_vs_baseline
0.0002,0.1084,active_vs_baseline
0.0002,0.1086,active_vs_baseline
0.0002,0.1088,active_vs_baseline
0.0002,0.109,active_vs_baseline
0.0002,0.1092,active_vs_baseline
0.0002,0.1094,active_vs_baseline
0.0002,0.1098,active_vs_baseline
0.0002,0.1102,active_vs_baseline
0.0002,0.1104,active_vs_baseline
0.0002,0.1106,active_vs_baseline
0.0002,0.1108,active_vs_baseline
0.0002,0.111,active_vs_baseline
0.0002,0.1114,active_vs_baseline
0.0002,0.1116,active_vs_baseline
0.0002,0.1118,active_vs_baseline
0.0002,0.112,active_vs_baseline
0.0002,0.1122,active_vs_baseline
0.0002,0.1124,active_vs_baseline
0.0002,0.1126,active_vs_baseline
0.0002,0.1128,active_vs_baseline
0.0002,0.113,active_vs_baseline
0.0002,0.1132,active_vs_baseline
0.0002,0.1134,active_vs_baseline
0.0002,0.1136,active_vs_baseline
0.0002,0.1138,active_vs_baseline
0.0002,0.1142,active_vs_baseline
0.0002,0.1144,active_vs_baseline
0.0002,0.1146,active_vs_baseline
0.0002,0.1148,active_vs_baseline
0.0002,0.115,active_vs_baseline
0.0002,0.1154,active_vs_baseline
0.0002,0.1156,active_vs_baseline
0.0002,0.1158,active_vs_baseline
0.0002,0.116,active_vs_baseline
0.0002,0.1162,active_vs_baseline
0.0002,0.1164,active_vs_baseline
0.0002,0.1166,active_vs_baseline
0.0002,0.1168,active_vs_baseline
0.0002,0.117,active_vs_baseline
0.0002,0.1172,active_vs_baseline
0.0002,0.1174,active_vs_baseline
0.0002,0.1176,active_vs_baseline
0.0002,0.1178,active_vs_baseline
0.0002,0.118,active_vs_baseline
0.0002,0.1182,active_vs_baseline
0.0002,0.1184,active_vs_baseline
0.0004,0.1184,active_vs_baseline
0.0004,0.1186,active_vs_baseline
0.0004,0.1188,active_vs_baseline
0.0004,0.119,active_vs_baseline
0.0004,0.1192,active_vs_baseline
0.0004,0.1194,active_vs_baseline
0.0004,0.1196,active_vs_baseline
0.0004,0.1198,active_vs_baseline
0.0004,0.12,active_vs_baseline
0.0004,0.1204,active_vs_baseline
0.0004,0.1206,active_vs_baseline
0.0004,0.1208,active_vs_baseline
0.0004,0.121,active_vs_baseline
0.0004,0.1212,active_vs_baseline
0.0004,0.1214,active_vs_baseline
0.0004,0.1216,active_vs_baseline
0.0004,0.1218,active_vs_baseline
0.0004,0.122,active_vs_baseline
0.0004,0.1222,active_vs_baseline
0.0004,0.1224,active_vs_baseline
0.0004,0.1226,active_vs_baseline
0.0004,0.1228,active_vs_baseline
0.0004,0.123,active_vs_baseline
0.0004,0.1232,active_vs_baseline
0.0004,0.1234,active_vs_baseline
0.0004,0.1236,active_vs_baseline
0.0004,0.1238,active_vs_baseline
0.0004,0.124,active_vs_baseline
0.0004,0.1242,active_vs_baseline
0.0004,0.1244,active_vs_baseline
0.0004,0.1246,active_vs_baseline
0.0004,0.125,active_vs_baseline
0.0004,0.1252,active_vs_baseline
0.0004,0.1254,active_vs_baseline
0.0004,0.1256,active_vs_baseline
0.0004,0.1258,active_vs_baseline
0.0004,0.126,active_vs_baseline
0.0004,0.1262,active_vs_baseline
0.0004,0.1264,active_vs_baseline
0.0004,0.1266,active_vs_baseline
0.0004,0.1268,active_vs_baseline
0.0004,0.127,active_vs_baseline
0.0004,0.1272,active_vs_baseline
0.0004,0.1274,active_vs_baseline
0.0004,0.1276,active_vs_baseline
0.0004,0.1278,active_vs_baseline
0.0004,0.128,active_vs_baseline
0.0004,0.1282,active_vs_baseline
0.0004,0.1284,active_vs_baseline
0.0004,0.1286,active_vs_baseline
0.0004,0.1288,active_vs_baseline
0.0004,0.129,active_vs_baseline
0.0004,0.1292,active_vs_baseline
0.0004,0.1294,active_vs_baseline
0.0004,0.1296,active_vs_baseline
0.0004,0.13,active_vs_baseline
0.0004,0.1302,active_vs_baseline
0.0004,0.1304,active_vs_baseline
0.0004,0.1306,active_vs_baseline
0.0004,0.1308,active_vs_baseline
0.0004,0.131,active_vs_baseline
0.0004,0.1312,active_vs_baseline
0.0004,0.1314,active_vs_baseline
0.0004,0.1316,active_vs_baseline
0.0004,0.1318,active_vs_baseline
0.0004,0.132,active_vs_baseline
0.0004,0.1322,active_vs_baseline
0.0004,0.1324,active_vs_baseline
0.0004,0.1326,active_vs_baseline
0.0004,0.1328,active_vs_baseline
0.0004,0.133,active_vs_baseline
0.0004,0.1332,active_vs_baseline
0.0004,0.1334,active_vs_baseline
0.0004,0.1336,active_vs_baseline
0.0004,0.1338,active_vs_baseline
0.0004,0.134,active_vs_baseline
0.0004,0.1342,active_vs_baseline
0.0004,0.1344,active_vs_baseline
0.0004,0.1348,active_vs_baseline
0.0004,0.135,active_vs_baseline
0.0004,0.1352,active_vs_baseline
0.0004,0.1354,active_vs_baseline
0.0004,0.1356,active_vs_baseline
0.0004,0.1358,active_vs_baseline
0.0004,0.136,active_vs_baseline
0.0004,0.1362,active_vs_baseline
0.0004,0.1364,active_vs_baseline
0.0004,0.1366,active_vs_baseline
0.0004,0.1368,active_vs_baseline
0.0004,0.1372,active_vs_baseline
0.0004,0.1374,active_vs_baseline
0.0004,0.1376,active_vs_baseline
0.0004,0.1378,active_vs_baseline
0.0004,0.1384,active_vs_baseline
0.0004,0.1386,active_vs_baseline
0.0004,0.1388,active_vs_baseline
0.0004,0.139,active_vs_baseline
0.0004,0.1392,active_vs_baseline
0.0004,0.1394,active_vs_baseline
0.0004,0.1396,active_vs_baseline
0.0004,0.1398,active_vs_baseline
0.0004,0.14,active_vs_baseline
0.0004,0.1402,active_vs_baseline
0.0004,0.1404,active_vs_baseline
0.0004,0.1406,active_vs_baseline
0.0004,0.1408,active_vs_baseline
0.0004,0.1412,active_vs_baseline
0.0004,0.1414,active_vs_baseline
0.0004,0.1416,active_vs_baseline
0.0004,0.1418,active_vs_baseline
0.0004,0.1422,active_vs_baseline
0.0004,0.1424,active_vs_baseline
0.0004,0.1426,active_vs_baseline
0.0004,0.1428,active_vs_baseline
0.0004,0.143,active_vs_baseline
0.0004,0.1432,active_vs_baseline
0.0004,0.1434,active_vs_baseline
0.0004,0.1436,active_vs_baseline
0.0004,0.1438,active_vs_baseline
0.0004,0.144,active_vs_baseline
0.0004,0.1442,active_vs_baseline
0.0004,0.1446,active_vs_baseline
0.0004,0.1448,active_vs_baseline
0.0004,0.145,active_vs_baseline
0.0004,0.1452,active_vs_baseline
0.0004,0.1454,active_vs_baseline
0.0004,0.1456,active_vs_baseline
0.0004,0.1458,active_vs_baseline
0.0004,0.146,active_vs_baseline
0.0004,0.1462,active_vs_baseline
0.0004,0.1464,active_vs_baseline
0.0004,0.1466,active_vs_baseline
0.0004,0.1468,active_vs_baseline
0.0004,0.147,active_vs_baseline
0.0004,0.1472,active_vs_baseline
0.0004,0.1474,active_vs_baseline
0.0004,0.1476,active_vs_baseline
0.0004,0.1478,active_vs_baseline
0.0004,0.148,active_vs_baseline
0.0004,0.1482,active_vs_baseline
0.0004,0.1484,active_vs_baseline
0.0004,0.1486,active_vs_baseline
0.0004,0.1488,active_vs_baseline
0.0004,0.149,active_vs_baseline
0.0004,0.1492,active_vs_baseline
0.0004,0.1494,active_vs_baseline
0.0004,0.1496,active_vs_baseline
0.0004,0.1498,active_vs_baseline
0.0004,0.1502,active_vs_baseline
0.0004,0.1504,active_vs_baseline
0.0004,0.1506,active_vs_baseline
0.0004,0.1508,active_vs_baseline
0.0004,0.151,active_vs_baseline
0.0004,0.1512,active_vs_baseline
0.0004,0.1514,active_vs_baseline
0.0004,0.1516,active_vs_baseline
0.0004,0.1518,active_vs_baseline
0.0004,0.152,active_vs_baseline
0.0004,0.1522,active_vs_baseline
0.0004,0.1526,active_vs_baseline
0.0004,0.1528,active_vs_baseline
0.0004,0.153,active_vs_baseline
0.0004,0.1532,active_vs_baseline
0.0004,0.1534,active_vs_baseline
0.0004,0.1536,active_vs_baseline
0.0004,0.1538,active_vs_baseline
0.0004,0.154,active_vs_baseline
0.0004,0.1542,active_vs_baseline
0.0004,0.1544,active_vs_baseline
0.0004,0.1546,active_vs_baseline
0.0004,0.1548,active_vs_baseline
0.0004,0.1554,active_vs_baseline
0.0004,0.1556,active_vs_baseline
0.0004,0.1558,active_vs_baseline
0.0004,0.156,active_vs_baseline
0.0004,0.1562,active_vs_baseline
0.0004,0.1564,active_vs_baseline
0.0004,0.1566,active_vs_baseline
0.0004,0.1568,active_vs_baseline
0.0004,0.157,active_vs_baseline
0.0004,0.1572,active_vs_baseline
0.0004,0.1574,active_vs_baseline
0.0004,0.1576,active_vs_baseline
0.0004,0.1578,active_vs_baseline
0.0004,0.158,active_vs_baseline
0.0004,0.1582,active_vs_baseline
0.0004,0.1584,active_vs_baseline
0.0004,0.1586,active_vs_baseline
0.0004,0.159,active_vs_baseline
0.0004,0.1592,active_vs_baseline
0.0004,0.1594,active_vs_baseline
0.0004,0.1596,active_vs_baseline
0.0004,0.1598,active_vs_baseline
0.0004,0.16,active_vs_baseline
0.0004,0.1602,active_vs_baseline
0.0004,0.1604,active_vs_baseline
0.0004,0.1606,active_vs_baseline
0.0004,0.1608,active_vs_baseline
0.0004,0.161,active_vs_baseline
0.0004,0.1612,active_vs_baseline
0.0004,0.1616,active_vs_baseline
0.0004,0.1618,active_vs_baseline
0.0004,0.162,active_vs_baseline
0.0004,0.1622,active_vs_baseline
0.0004,0.1626,active_vs_baseline
0.0004,0.1628,active_vs_baseline
0.0004,0.163,active_vs_baseline
0.0004,0.1636,active_vs_baseline
0.0004,0.1638,active_vs_baseline
0.0004,0.164,active_vs_baseline
0.0004,0.1642,active_vs_baseline
0.0004,0.1644,active_vs_baseline
0.0004,0.1648,active_vs_baseline
0.0004,0.165,active_vs_baseline
0.0004,0.1652,active_vs_baseline
0.0004,0.1654,active_vs_baseline
0.0004,0.1662,active_vs_baseline
0.0004,0.1664,active_vs_baseline
0.0004,0.1666,active_vs_baseline
0.0004,0.1668,active_vs_baseline
0.0004,0.167,active_vs_baseline
0.0004,0.1672,active_vs_baseline
0.0004,0.1678,active_vs_baseline
0.0004,0.168,active_vs_baseline
0.0004,0.1682,active_vs_baseline
0.0004,0.1686,active_vs_baseline
0.0004,0.1688,active_vs_baseline
0.0004,0.169,active_vs_baseline
0.0004,0.1692,active_vs_baseline
0.0004,0.1694,active_vs_baseline
0.0004,0.1698,active_vs_baseline
0.0004,0.1702,active_vs_baseline
0.0004,0.1704,active_vs_baseline
0.0004,0.1708,active_vs_baseline
0.0004,0.171,active_vs_baseline
0.0004,0.1714,active_vs_baseline
0.0004,0.1716,active_vs_baseline
0.0004,0.1718,active_vs_baseline
0.0004,0.172,active_vs_baseline
0.0004,0.1722,active_vs_baseline
0.0004,0.1726,active_vs_baseline
0.0004,0.1728,active_vs_baseline
0.0004,0.173,active_vs_baseline
0.0004,0.1738,active_vs_baseline
0.0004,0.174,active_vs_baseline
0.0004,0.1742,active_vs_baseline
0.0004,0.1744,active_vs_baseline
0.0004,0.1748,active_vs_baseline
0.0004,0.175,active_vs_baseline
0.0004,0.1752,active_vs_baseline
0.0004,0.1754,active_vs_baseline
0.0004,0.1756,active_vs_baseline
0.0004,0.1758,active_vs_baseline
0.0004,0.176,active_vs_baseline
0.0004,0.1762,active_vs_baseline
0.0004,0.1766,active_vs_baseline
0.0004,0.1768,active_vs_baseline
0.0004,0.177,active_vs_baseline
0.0004,0.1772,active_vs_baseline
0.0004,0.1774,active_vs_baseline
0.0004,0.1776,active_vs_baseline
0.0004,0.1778,active_vs_baseline
0.0004,0.178,active_vs_baseline
0.0004,0.1782,active_vs_baseline
0.0004,0.1784,active_vs_baseline
0.0004,0.1786,active_vs_baseline
0.0004,0.1788,active_vs_baseline
0.0004,0.179,active_vs_baseline
0.0004,0.1796,active_vs_baseline
0.0004,0.1798,active_vs_baseline
0.0004,0.18,active_vs_baseline
0.0004,0.1802,active_vs_baseline
0.0004,0.1804,active_vs_baseline
0.0004,0.1806,active_vs_baseline
0.0004,0.1808,active_vs_baseline
0.0004,0.181,active_vs_baseline
0.0004,0.1812,active_vs_baseline
0.0004,0.1814,active_vs_baseline
0.0004,0.1816,active_vs_baseline
0.0004,0.1818,active_vs_baseline
0.0004,0.182,active_vs_baseline
0.0004,0.1822,active_vs_baseline
0.0004,0.1824,active_vs_baseline
0.0004,0.1826,active_vs_baseline
0.0004,0.1828,active_vs_baseline
0.0004,0.183,active_vs_baseline
0.0004,0.1832,active_vs_baseline
0.0004,0.1836,active_vs_baseline
0.0004,0.1838,active_vs_baseline
0.0004,0.184,active_vs_baseline
0.0004,0.1842,active_vs_baseline
0.0004,0.1844,active_vs_baseline
0.0004,0.1846,active_vs_baseline
0.0004,0.1848,active_vs_baseline
0.0004,0.185,active_vs_baseline
0.0004,0.1852,active_vs_baseline
0.0004,0.1854,active_vs_baseline
0.0004,0.1858,active_vs_baseline
0.0004,0.186,active_vs_baseline
0.0004,0.1862,active_vs_baseline
0.0004,0.1864,active_vs_baseline
0.0004,0.1866,active_vs_baseline
0.0004,0.1868,active_vs_baseline
0.0004,0.1872,active_vs_baseline
0.0004,0.1874,active_vs_baseline
0.0004,0.1878,active_vs_baseline
0.0004,0.188,active_vs_baseline
0.0004,0.1882,active_vs_baseline
0.0004,0.1884,active_vs_baseline
0.0004,0.1886,active_vs_baseline
0.0004,0.1888,active_vs_baseline
0.0004,0.189,active_vs_baseline
0.0004,0.1892,active_vs_baseline
0.0004,0.1894,active_vs_baseline
0.0004,0.1896,active_vs_baseline
0.0004,0.1898,active_vs_baseline
0.0004,0.1904,active_vs_baseline
0.0006,0.1904,active_vs_baseline
0.0006,0.1906,active_vs_baseline
0.0006,0.1908,active_vs_baseline
0.0006,0.1912,active_vs_baseline
0.0006,0.1914,active_vs_baseline
0.0006,0.1916,active_vs_baseline
0.0006,0.1918,active_vs_baseline
0.0006,0.192,active_vs_baseline
0.0006,0.1922,active_vs_baseline
0.0006,0.1924,active_vs_baseline
0.0006,0.1926,active_vs_baseline
0.0006,0.1928,active_vs_baseline
0.0006,0.193,active_vs_baseline
0.0006,0.1932,active_vs_baseline
0.0006,0.1934,active_vs_baseline
0.0006,0.1938,active_vs_baseline
0.0006,0.194,active_vs_baseline
0.0006,0.1942,active_vs_baseline
0.0006,0.1944,active_vs_baseline
0.0006,0.1946,active_vs_baseline
0.0006,0.1948,active_vs_baseline
0.0006,0.195,active_vs_baseline
0.0006,0.1952,active_vs_baseline
0.0006,0.1954,active_vs_baseline
0.0006,0.1956,active_vs_baseline
0.0006,0.196,active_vs_baseline
0.0006,0.1962,active_vs_baseline
0.0006,0.1964,active_vs_baseline
0.0006,0.1966,active_vs_baseline
0.0006,0.1968,active_vs_baseline
0.0006,0.197,active_vs_baseline
0.0006,0.1972,active_vs_baseline
0.0006,0.1974,active_vs_baseline
0.0006,0.1976,active_vs_baseline
0.0006,0.1978,active_vs_baseline
0.0006,0.198,active_vs_baseline
0.0006,0.1982,active_vs_baseline
0.0006,0.1984,active_vs_baseline
0.0006,0.1986,active_vs_baseline
0.0006,0.1988,active_vs_baseline
0.0006,0.199,active_vs_baseline
0.0006,0.1992,active_vs_baseline
0.0006,0.1994,active_vs_baseline
0.0006,0.1996,active_vs_baseline
0.0006,0.1998,active_vs_baseline
0.0006,0.2,active_vs_baseline
0.0006,0.2002,active_vs_baseline
0.0006,0.2004,active_vs_baseline
0.0006,0.2006,active_vs_baseline
0.0006,0.2008,active_vs_baseline
0.0006,0.201,active_vs_baseline
0.0006,0.2012,active_vs_baseline
0.0006,0.2014,active_vs_baseline
0.0006,0.2016,active_vs_baseline
0.0006,0.2018,active_vs_baseline
0.0006,0.202,active_vs_baseline
0.0006,0.2026,active_vs_baseline
0.0006,0.2028,active_vs_baseline
0.0006,0.203,active_vs_baseline
0.0006,0.2032,active_vs_baseline
0.0006,0.2034,active_vs_baseline
0.0006,0.2036,active_vs_baseline
0.0006,0.2038,active_vs_baseline
0.0006,0.204,active_vs_baseline
0.0006,0.2042,active_vs_baseline
0.0006,0.2044,active_vs_baseline
0.0006,0.2046,active_vs_baseline
0.0006,0.2048,active_vs_baseline
0.0006,0.205,active_vs_baseline
0.0006,0.2052,active_vs_baseline
0.0006,0.2054,active_vs_baseline
0.0006,0.2056,active_vs_baseline
0.0006,0.2058,active_vs_baseline
0.0006,0.206,active_vs_baseline
0.0006,0.2062,active_vs_baseline
0.0006,0.2064,active_vs_baseline
0.0006,0.2066,active_vs_baseline
0.0006,0.2068,active_vs_baseline
0.0006,0.207,active_vs_baseline
0.0006,0.2072,active_vs_baseline
0.0006,0.2074,active_vs_baseline
0.0006,0.2076,active_vs_baseline
0.0006,0.2078,active_vs_baseline
0.0006,0.2082,active_vs_baseline
0.0006,0.2084,active_vs_baseline
0.0006,0.2086,active_vs_baseline
0.0006,0.2088,active_vs_baseline
0.0006,0.209,active_vs_baseline
0.0006,0.2094,active_vs_baseline
0.0006,0.2096,active_vs_baseline
0.0006,0.2098,active_vs_baseline
0.0006,0.21,active_vs_baseline
0.0006,0.2104,active_vs_baseline
0.0006,0.2106,active_vs_baseline
0.0006,0.2108,active_vs_baseline
0.0006,0.211,active_vs_baseline
0.0006,0.2112,active_vs_baseline
0.0006,0.2114,active_vs_baseline
0.0006,0.2118,active_vs_baseline
0.0006,0.212,active_vs_baseline
0.0006,0.2122,active_vs_baseline
0.0006,0.2124,active_vs_baseline
0.0006,0.2126,active_vs_baseline
0.0006,0.2128,active_vs_baseline
0.0006,0.213,active_vs_baseline
0.0006,0.2132,active_vs_baseline
0.0006,0.2134,active_vs_baseline
0.0006,0.2136,active_vs_baseline
0.0006,0.2138,active_vs_baseline
0.0006,0.214,active_vs_baseline
0.0006,0.2142,active_vs_baseline
0.0006,0.2146,active_vs_baseline
0.0006,0.2148,active_vs_baseline
0.0006,0.215,active_vs_baseline
0.0006,0.2152,active_vs_baseline
0.0006,0.2154,active_vs_baseline
0.0006,0.2156,active_vs_baseline
0.0006,0.2158,active_vs_baseline
0.0006,0.216,active_vs_baseline
0.0006,0.2162,active_vs_baseline
0.0006,0.2164,active_vs_baseline
0.0006,0.2166,active_vs_baseline
0.0006,0.2168,active_vs_baseline
0.0006,0.217,active_vs_baseline
0.0006,0.2172,active_vs_baseline
0.0006,0.2174,active_vs_baseline
0.0006,0.2178,active_vs_baseline
0.0006,0.218,active_vs_baseline
0.0006,0.2182,active_vs_baseline
0.0006,0.2184,active_vs_baseline
0.0006,0.2186,active_vs_baseline
0.0006,0.2188,active_vs_baseline
0.0006,0.219,active_vs_baseline
0.0006,0.2192,active_vs_baseline
0.0006,0.2194,active_vs_baseline
0.0006,0.2196,active_vs_baseline
0.0006,0.2198,active_vs_baseline
0.0006,0.22,active_vs_baseline
0.0006,0.2202,active_vs_baseline
0.0006,0.2204,active_vs_baseline
0.0006,0.2206,active_vs_baseline
0.0006,0.2208,active_vs_baseline
0.0006,0.221,active_vs_baseline
0.0006,0.2212,active_vs_baseline
0.0006,0.2214,active_vs_baseline
0.0006,0.2216,active_vs_baseline
0.0006,0.2218,active_vs_baseline
0.0006,0.222,active_vs_baseline
0.0006,0.2222,active_vs_baseline
0.0006,0.2224,active_vs_baseline
0.0006,0.2226,active_vs_baseline
0.0006,0.2228,active_vs_baseline
0.0006,0.223,active_vs_baseline
0.0006,0.2232,active_vs_baseline
0.0006,0.2234,active_vs_baseline
0.0006,0.2236,active_vs_baseline
0.0006,0.2238,active_vs_baseline
0.0006,0.224,active_vs_baseline
0.0006,0.2242,active_vs_baseline
0.0006,0.2244,active_vs_baseline
0.0006,0.2246,active_vs_baseline
0.0006,0.2248,active_vs_baseline
0.0006,0.225,active_vs_baseline
0.0006,0.2252,active_vs_baseline
0.0006,0.2254,active_vs_baseline
0.0006,0.2256,active_vs_baseline
0.0006,0.2258,active_vs_baseline
0.0006,0.226,active_vs_baseline
0.0006,0.2262,active_vs_baseline
0.0006,0.2264,active_vs_baseline
0.0006,0.2266,active_vs_baseline
0.0006,0.2268,active_vs_baseline
0.0006,0.2272,active_vs_baseline
0.0006,0.2274,active_vs_baseline
0.0006,0.2276,active_vs_baseline
0.0006,0.2278,active_vs_baseline
0.0006,0.228,active_vs_baseline
0.0006,0.2282,active_vs_baseline
0.0006,0.2284,active_vs_baseline
0.0006,0.2286,active_vs_baseline
0.0006,0.2288,active_vs_baseline
0.0006,0.229,active_vs_baseline
0.0006,0.2292,active_vs_baseline
0.0006,0.2294,active_vs_baseline
0.0006,0.2296,active_vs_baseline
0.0006,0.2298,active_vs_baseline
0.0006,0.23,active_vs_baseline
0.0006,0.2304,active_vs_baseline
0.0006,0.2306,active_vs_baseline
0.0006,0.2308,active_vs_baseline
0.0006,0.2312,active_vs_baseline
0.0006,0.2314,active_vs_baseline
0.0006,0.2316,active_vs_baseline
0.0006,0.2318,active_vs_baseline
0.0006,0.232,active_vs_baseline
0.0006,0.2326,active_vs_baseline
0.0006,0.2328,active_vs_baseline
0.0006,0.233,active_vs_baseline
0.0006,0.2332,active_vs_baseline
0.0006,0.2334,active_vs_baseline
0.0006,0.2336,active_vs_baseline
0.0006,0.2338,active_vs_baseline
0.0006,0.234,active_vs_baseline
0.0006,0.2342,active_vs_baseline
0.0006,0.2344,active_vs_baseline
0.0006,0.2346,active_vs_baseline
0.0006,0.2348,active_vs_baseline
0.0006,0.235,active_vs_baseline
0.0006,0.2352,active_vs_baseline
0.0006,0.2354,active_vs_baseline
0.0006,0.2356,active_vs_baseline
0.0006,0.236,active_vs_baseline
0.0006,0.2362,active_vs_baseline
0.0006,0.2364,active_vs_baseline
0.0006,0.2366,active_vs_baseline
0.0006,0.2368,active_vs_baseline
0.0006,0.237,active_vs_baseline
0.0006,0.2372,active_vs_baseline
0.0006,0.2374,active_vs_baseline
0.0006,0.2376,active_vs_baseline
0.0006,0.2378,active_vs_baseline
0.0006,0.238,active_vs_baseline
0.0006,0.2382,active_vs_baseline
0.0006,0.2384,active_vs_baseline
0.0006,0.2386,active_vs_baseline
0.0006,0.2388,active_vs_baseline
0.0006,0.239,active_vs_baseline
0.0006,0.2392,active_vs_baseline
0.0006,0.2394,active_vs_baseline
0.0006,0.2396,active_vs_baseline
0.0006,0.2398,active_vs_baseline
0.0006,0.24,active_vs_baseline
0.0006,0.2402,active_vs_baseline
0.0006,0.2404,active_vs_baseline
0.0006,0.2406,active_vs_baseline
0.0006,0.2408,active_vs_baseline
0.0006,0.241,active_vs_baseline
0.0006,0.2412,active_vs_baseline
0.0006,0.2414,active_vs_baseline
0.0006,0.2416,active_vs_baseline
0.0006,0.2418,active_vs_baseline
0.0006,0.242,active_vs_baseline
0.0006,0.2422,active_vs_baseline
0.0006,0.2424,active_vs_baseline
0.0006,0.2426,active_vs_baseline
0.0006,0.2428,active_vs_baseline
0.0006,0.243,active_vs_baseline
0.0006,0.2432,active_vs_baseline
0.0006,0.2434,active_vs_baseline
0.0006,0.2436,active_vs_baseline
0.0006,0.2438,active_vs_baseline
0.0006,0.244,active_vs_baseline
0.0006,0.2442,active_vs_baseline
0.0006,0.2444,active_vs_baseline
0.0006,0.2446,active_vs_baseline
0.0006,0.2448,active_vs_baseline
0.0006,0.245,active_vs_baseline
0.0006,0.2454,active_vs_baseline
0.0006,0.2456,active_vs_baseline
0.0006,0.2458,active_vs_baseline
0.0006,0.246,active_vs_baseline
0.0006,0.2464,active_vs_baseline
0.0006,0.2466,active_vs_baseline
0.0006,0.2468,active_vs_baseline
0.0006,0.247,active_vs_baseline
0.0006,0.2472,active_vs_baseline
0.0006,0.2474,active_vs_baseline
0.0006,0.2476,active_vs_baseline
0.0006,0.2478,active_vs_baseline
0.0006,0.248,active_vs_baseline
0.0006,0.2482,active_vs_baseline
0.0006,0.2486,active_vs_baseline
0.0006,0.2488,active_vs_baseline
0.0008,0.2488,active_vs_baseline
0.0008,0.249,active_vs_baseline
0.0008,0.2492,active_vs_baseline
0.0008,0.2494,active_vs_baseline
0.0008,0.2496,active_vs_baseline
0.0008,0.2498,active_vs_baseline
0.0008,0.25,active_vs_baseline
0.0008,0.2502,active_vs_baseline
0.0008,0.2504,active_vs_baseline
0.0008,0.2506,active_vs_baseline
0.0008,0.2508,active_vs_baseline
0.0008,0.251,active_vs_baseline
0.0008,0.2518,active_vs_baseline
0.0008,0.252,active_vs_baseline
0.0008,0.2522,active_vs_baseline
0.0008,0.2526,active_vs_baseline
0.0008,0.2528,active_vs_baseline
0.0008,0.253,active_vs_baseline
0.0008,0.2534,active_vs_baseline
0.0008,0.2536,active_vs_baseline
0.0008,0.2542,active_vs_baseline
0.0008,0.2544,active_vs_baseline
0.0008,0.2546,active_vs_baseline
0.0008,0.2548,active_vs_baseline
0.0008,0.2558,active_vs_baseline
0.0008,0.256,active_vs_baseline
0.0008,0.2562,active_vs_baseline
0.0008,0.2564,active_vs_baseline
0.0008,0.2566,active_vs_baseline
0.0008,0.2568,active_vs_baseline
0.0008,0.257,active_vs_baseline
0.0008,0.2572,active_vs_baseline
0.0008,0.2574,active_vs_baseline
0.0008,0.2576,active_vs_baseline
0.0008,0.2578,active_vs_baseline
0.0008,0.258,active_vs_baseline
0.0008,0.2582,active_vs_baseline
0.0008,0.2584,active_vs_baseline
0.0008,0.2588,active_vs_baseline
0.0008,0.259,active_vs_baseline
0.0008,0.2592,active_vs_baseline
0.0008,0.2594,active_vs_baseline
0.0008,0.2596,active_vs_baseline
0.0008,0.26,active_vs_baseline
0.0008,0.2602,active_vs_baseline
0.0008,0.2604,active_vs_baseline
0.0008,0.2606,active_vs_baseline
0.0008,0.2608,active_vs_baseline
0.0008,0.261,active_vs_baseline
0.0008,0.2612,active_vs_baseline
0.0008,0.2614,active_vs_baseline
0.0008,0.2616,active_vs_baseline
0.0008,0.2618,active_vs_baseline
0.0008,0.2622,active_vs_baseline
0.0008,0.2624,active_vs_baseline
0.0008,0.2626,active_vs_baseline
0.0008,0.2628,active_vs_baseline
0.0008,0.263,active_vs_baseline
0.0008,0.2632,active_vs_baseline
0.0008,0.2634,active_vs_baseline
0.0008,0.2636,active_vs_baseline
0.0008,0.2638,active_vs_baseline
0.0008,0.264,active_vs_baseline
0.001,0.264,active_vs_baseline
0.001,0.2642,active_vs_baseline
0.001,0.2644,active_vs_baseline
0.001,0.2646,active_vs_baseline
0.001,0.2648,active_vs_baseline
0.001,0.265,active_vs_baseline
0.001,0.2654,active_vs_baseline
0.001,0.2656,active_vs_baseline
0.001,0.2658,active_vs_baseline
0.001,0.266,active_vs_baseline
0.001,0.2662,active_vs_baseline
0.001,0.2664,active_vs_baseline
0.001,0.2666,active_vs_baseline
0.001,0.2668,active_vs_baseline
0.001,0.2672,active_vs_baseline
0.001,0.2674,active_vs_baseline
0.001,0.2676,active_vs_baseline
0.001,0.2678,active_vs_baseline
0.001,0.268,active_vs_baseline
0.001,0.2682,active_vs_baseline
0.001,0.2684,active_vs_baseline
0.001,0.2686,active_vs_baseline
0.001,0.2688,active_vs_baseline
0.001,0.269,active_vs_baseline
0.001,0.2692,active_vs_baseline
0.001,0.2694,active_vs_baseline
0.0012,0.2696,active_vs_baseline
0.0014,0.2696,active_vs_baseline
0.0014,0.2698,active_vs_baseline
0.0014,0.27,active_vs_baseline
0.0014,0.2702,active_vs_baseline
0.0014,0.2704,active_vs_baseline
0.0014,0.2706,active_vs_baseline
0.0014,0.2708,active_vs_baseline
0.0014,0.271,active_vs_baseline
0.0014,0.2712,active_vs_baseline
0.0014,0.2714,active_vs_baseline
0.0014,0.2716,active_vs_baseline
0.0014,0.2718,active_vs_baseline
0.0014,0.272,active_vs_baseline
0.0014,0.2722,active_vs_baseline
0.0014,0.2726,active_vs_baseline
0.0014,0.2728,active_vs_baseline
0.0014,0.273,active_vs_baseline
0.0014,0.2732,active_vs_baseline
0.0014,0.2734,active_vs_baseline
0.0014,0.2736,active_vs_baseline
0.0014,0.274,active_vs_baseline
0.0014,0.2742,active_vs_baseline
0.0016,0.2742,active_vs_baseline
0.0016,0.2744,active_vs_baseline
0.0016,0.2746,active_vs_baseline
0.0016,0.2748,active_vs_baseline
0.0016,0.275,active_vs_baseline
0.0016,0.2752,active_vs_baseline
0.0016,0.2754,active_vs_baseline
0.0016,0.2758,active_vs_baseline
0.0016,0.276,active_vs_baseline
0.0016,0.2762,active_vs_baseline
0.0016,0.2764,active_vs_baseline
0.0016,0.2766,active_vs_baseline
0.0016,0.2768,active_vs_baseline
0.0016,0.277,active_vs_baseline
0.0016,0.2772,active_vs_baseline
0.0016,0.2774,active_vs_baseline
0.0016,0.2776,active_vs_baseline
0.0016,0.2778,active_vs_baseline
0.0016,0.278,active_vs_baseline
0.0016,0.2786,active_vs_baseline
0.0016,0.2788,active_vs_baseline
0.0016,0.279,active_vs_baseline
0.0016,0.2792,active_vs_baseline
0.0016,0.2796,active_vs_baseline
0.0016,0.2798,active_vs_baseline
0.0016,0.28,active_vs_baseline
0.0016,0.2802,active_vs_baseline
0.0016,0.2806,active_vs_baseline
0.0016,0.2808,active_vs_baseline
0.0016,0.281,active_vs_baseline
0.0016,0.2814,active_vs_baseline
0.0016,0.2818,active_vs_baseline
0.0016,0.282,active_vs_baseline
0.0016,0.2822,active_vs_baseline
0.0016,0.2824,active_vs_baseline
0.0016,0.2826,active_vs_baseline
0.0016,0.2828,active_vs_baseline
0.0016,0.283,active_vs_baseline
0.0016,0.2834,active_vs_baseline
0.0016,0.2836,active_vs_baseline
0.0016,0.2838,active_vs_baseline
0.0016,0.2846,active_vs_baseline
0.0016,0.2848,active_vs_baseline
0.0016,0.285,active_vs_baseline
0.0016,0.2852,active_vs_baseline
0.0016,0.2854,active_vs_baseline
0.0016,0.2856,active_vs_baseline
0.0016,0.2858,active_vs_baseline
0.0016,0.286,active_vs_baseline
0.0016,0.2862,active_vs_baseline
0.0016,0.2864,active_vs_baseline
0.0016,0.2866,active_vs_baseline
0.0016,0.2868,active_vs_baseline
0.0016,0.287,active_vs_baseline
0.0016,0.2874,active_vs_baseline
0.0016,0.2876,active_vs_baseline
0.0016,0.2878,active_vs_baseline
0.0016,0.2884,active_vs_baseline
0.0016,0.2888,active_vs_baseline
0.0016,0.289,active_vs_baseline
0.0016,0.2892,active_vs_baseline
0.0016,0.2894,active_vs_baseline
0.0016,0.2896,active_vs_baseline
0.0016,0.2898,active_vs_baseline
0.0016,0.29,active_vs_baseline
0.0016,0.2902,active_vs_baseline
0.0016,0.2904,active_vs_baseline
0.0016,0.2906,active_vs_baseline
0.0016,0.2908,active_vs_baseline
0.0016,0.291,active_vs_baseline
0.0016,0.2912,active_vs_baseline
0.0016,0.2914,active_vs_baseline
0.0016,0.2916,active_vs_baseline
0.0016,0.2918,active_vs_baseline
0.0016,0.292,active_vs_baseline
0.0016,0.2922,active_vs_baseline
0.0016,0.2924,active_vs_baseline
0.0016,0.2926,active_vs_baseline
0.0016,0.2928,active_vs_baseline
0.0016,0.293,active_vs_baseline
0.0016,0.2932,active_vs_baseline
0.0016,0.2934,active_vs_baseline
0.0016,0.2936,active_vs_baseline
0.0018,0.2936,active_vs_baseline
0.0018,0.2938,active_vs_baseline
0.0018,0.294,active_vs_baseline
0.0018,0.2942,active_vs_baseline
0.0018,0.2944,active_vs_baseline
0.0018,0.2946,active_vs_baseline
0.0018,0.2948,active_vs_baseline
0.0018,0.295,active_vs_baseline
0.0018,0.2952,active_vs_baseline
0.0018,0.2954,active_vs_baseline
0.0018,0.2956,active_vs_baseline
0.0018,0.2958,active_vs_baseline
0.0018,0.296,active_vs_baseline
0.0018,0.2962,active_vs_baseline
0.0018,0.2964,active_vs_baseline
0.0018,0.2966,active_vs_baseline
0.0018,0.2968,active_vs_baseline
0.0018,0.297,active_vs_baseline
0.0018,0.2972,active_vs_baseline
0.0018,0.2974,active_vs_baseline
0.0018,0.2976,active_vs_baseline
0.0018,0.2978,active_vs_baseline
0.0018,0.298,active_vs_baseline
0.0018,0.2982,active_vs_baseline
0.0018,0.2984,active_vs_baseline
0.0018,0.2986,active_vs_baseline
0.0018,0.2988,active_vs_baseline
0.0018,0.299,active_vs_baseline
0.0018,0.2992,active_vs_baseline
0.0018,0.2994,active_vs_baseline
0.0018,0.2996,active_vs_baseline
0.0018,0.3002,active_vs_baseline
0.0018,0.3004,active_vs_baseline
0.0018,0.3006,active_vs_baseline
0.0018,0.3008,active_vs_baseline
0.0018,0.301,active_vs_baseline
0.0018,0.3012,active_vs_baseline
0.0018,0.3014,active_vs_baseline
0.0018,0.3016,active_vs_baseline
0.0018,0.3018,active_vs_baseline
0.0018,0.3022,active_vs_baseline
0.0018,0.3026,active_vs_baseline
0.0018,0.3032,active_vs_baseline
0.0018,0.3034,active_vs_baseline
0.0018,0.3036,active_vs_baseline
0.0018,0.3038,active_vs_baseline
0.0018,0.304,active_vs_baseline
0.0018,0.3042,active_vs_baseline
0.0018,0.3044,active_vs_baseline
0.0018,0.3048,active_vs_baseline
0.0018,0.305,active_vs_baseline
0.0018,0.3052,active_vs_baseline
0.0018,0.3056,active_vs_baseline
0.0018,0.3058,active_vs_baseline
0.0018,0.306,active_vs_baseline
0.0018,0.3062,active_vs_baseline
0.0018,0.3064,active_vs_baseline
0.0018,0.3066,active_vs_baseline
0.0018,0.3072,active_vs_baseline
0.0018,0.3074,active_vs_baseline
0.0018,0.3076,active_vs_baseline
0.0018,0.3078,active_vs_baseline
0.0018,0.308,active_vs_baseline
0.0018,0.3082,active_vs_baseline
0.0018,0.3084,active_vs_baseline
0.0018,0.3086,active_vs_baseline
0.0018,0.3088,active_vs_baseline
0.0018,0.3094,active_vs_baseline
0.0018,0.3098,active_vs_baseline
0.0018,0.31,active_vs_baseline
0.0018,0.3102,active_vs_baseline
0.0018,0.3104,active_vs_baseline
0.0018,0.3106,active_vs_baseline
0.0018,0.3108,active_vs_baseline
0.002,0.311,active_vs_baseline
0.002,0.3112,active_vs_baseline
0.002,0.3114,active_vs_baseline
0.002,0.3116,active_vs_baseline
0.002,0.3118,active_vs_baseline
0.002,0.312,active_vs_baseline
0.002,0.3124,active_vs_baseline
0.002,0.3126,active_vs_baseline
0.002,0.3128,active_vs_baseline
0.002,0.313,active_vs_baseline
0.002,0.3132,active_vs_baseline
0.002,0.3134,active_vs_baseline
0.002,0.3136,active_vs_baseline
0.002,0.3138,active_vs_baseline
0.002,0.3142,active_vs_baseline
0.002,0.3144,active_vs_baseline
0.002,0.3146,active_vs_baseline
0.002,0.315,active_vs_baseline
0.002,0.3152,active_vs_baseline
0.002,0.3154,active_vs_baseline
0.002,0.3156,active_vs_baseline
0.002,0.3158,active_vs_baseline
0.002,0.316,active_vs_baseline
0.002,0.3164,active_vs_baseline
0.002,0.3166,active_vs_baseline
0.002,0.3168,active_vs_baseline
0.002,0.317,active_vs_baseline
0.002,0.3174,active_vs_baseline
0.002,0.3178,active_vs_baseline
0.002,0.318,active_vs_baseline
0.002,0.3182,active_vs_baseline
0.002,0.3184,active_vs_baseline
0.002,0.3186,active_vs_baseline
0.002,0.3188,active_vs_baseline
0.002,0.319,active_vs_baseline
0.002,0.3196,active_vs_baseline
0.0022,0.32,active_vs_baseline
0.0022,0.3202,active_vs_baseline
0.0022,0.3204,active_vs_baseline
0.0022,0.3208,active_vs_baseline
0.0022,0.321,active_vs_baseline
0.0022,0.3212,active_vs_baseline
0.0022,0.3214,active_vs_baseline
0.0022,0.3216,active_vs_baseline
0.0022,0.3218,active_vs_baseline
0.0022,0.322,active_vs_baseline
0.0022,0.3222,active_vs_baseline
0.0022,0.3228,active_vs_baseline
0.0022,0.323,active_vs_baseline
0.0022,0.3232,active_vs_baseline
0.0022,0.3234,active_vs_baseline
0.0022,0.3236,active_vs_baseline
0.0022,0.3244,active_vs_baseline
0.0022,0.3246,active_vs_baseline
0.0022,0.3248,active_vs_baseline
0.0022,0.325,active_vs_baseline
0.0022,0.3252,active_vs_baseline
0.0022,0.3254,active_vs_baseline
0.0022,0.3256,active_vs_baseline
0.0022,0.3258,active_vs_baseline
0.0022,0.326,active_vs_baseline
0.0022,0.3262,active_vs_baseline
0.0022,0.3264,active_vs_baseline
0.0022,0.3266,active_vs_baseline
0.0022,0.3268,active_vs_baseline
0.0022,0.3272,active_vs_baseline
0.0022,0.3274,active_vs_baseline
0.0022,0.3276,active_vs_baseline
0.0022,0.3278,active_vs_baseline
0.0022,0.328,active_vs_baseline
0.0022,0.3282,active_vs_baseline
0.0022,0.3284,active_vs_baseline
0.0022,0.3286,active_vs_baseline
0.0022,0.3288,active_vs_baseline
0.0022,0.329,active_vs_baseline
0.0022,0.3294,active_vs_baseline
0.0022,0.3296,active_vs_baseline
0.0022,0.3306,active_vs_baseline
0.0022,0.3308,active_vs_baseline
0.0022,0.331,active_vs_baseline
0.0022,0.3312,active_vs_baseline
0.0022,0.3314,active_vs_baseline
0.0022,0.3316,active_vs_baseline
0.0022,0.3318,active_vs_baseline
0.0022,0.332,active_vs_baseline
0.0022,0.3322,active_vs_baseline
0.0022,0.3324,active_vs_baseline
0.0022,0.3326,active_vs_baseline
0.0022,0.3328,active_vs_baseline
0.0022,0.333,active_vs_baseline
0.0022,0.3332,active_vs_baseline
0.0022,0.3336,active_vs_baseline
0.0022,0.3338,active_vs_baseline
0.0022,0.334,active_vs_baseline
0.0022,0.3342,active_vs_baseline
0.0022,0.3348,active_vs_baseline
0.0022,0.335,active_vs_baseline
0.0022,0.3354,active_vs_baseline
0.0022,0.3356,active_vs_baseline
0.0022,0.3358,active_vs_baseline
0.0022,0.336,active_vs_baseline
0.0022,0.3362,active_vs_baseline
0.0024,0.3362,active_vs_baseline
0.0024,0.3364,active_vs_baseline
0.0024,0.3368,active_vs_baseline
0.0024,0.337,active_vs_baseline
0.0024,0.3372,active_vs_baseline
0.0024,0.3374,active_vs_baseline
0.0024,0.3376,active_vs_baseline
0.0024,0.3378,active_vs_baseline
0.0024,0.338,active_vs_baseline
0.0024,0.3382,active_vs_baseline
0.0024,0.3384,active_vs_baseline
0.0024,0.3388,active_vs_baseline
0.0024,0.339,active_vs_baseline
0.0024,0.3392,active_vs_baseline
0.0024,0.3394,active_vs_baseline
0.0024,0.34,active_vs_baseline
0.0024,0.3402,active_vs_baseline
0.0024,0.3404,active_vs_baseline
0.0024,0.3406,active_vs_baseline
0.0024,0.3408,active_vs_baseline
0.0024,0.341,active_vs_baseline
0.0024,0.3414,active_vs_baseline
0.0024,0.3416,active_vs_baseline
0.0024,0.3418,active_vs_baseline
0.0024,0.342,active_vs_baseline
0.0024,0.3422,active_vs_baseline
0.0024,0.3424,active_vs_baseline
0.0024,0.3426,active_vs_baseline
0.0024,0.3432,active_vs_baseline
0.0024,0.3434,active_vs_baseline
0.0024,0.3436,active_vs_baseline
0.0024,0.3438,active_vs_baseline
0.0024,0.344,active_vs_baseline
0.0024,0.3442,active_vs_baseline
0.0024,0.3444,active_vs_baseline
0.0024,0.3446,active_vs_baseline
0.0024,0.3448,active_vs_baseline
0.0024,0.345,active_vs_baseline
0.0024,0.3452,active_vs_baseline
0.0024,0.3454,active_vs_baseline
0.0024,0.3456,active_vs_baseline
0.0024,0.3458,active_vs_baseline
0.0024,0.346,active_vs_baseline
0.0024,0.3462,active_vs_baseline
0.0024,0.3464,active_vs_baseline
0.0024,0.3468,active_vs_baseline
0.0024,0.347,active_vs_baseline
0.0024,0.3472,active_vs_baseline
0.0024,0.3476,active_vs_baseline
0.0024,0.3478,active_vs_baseline
0.0024,0.3482,active_vs_baseline
0.0024,0.3484,active_vs_baseline
0.0024,0.3486,active_vs_baseline
0.0024,0.3488,active_vs_baseline
0.0024,0.349,active_vs_baseline
0.0024,0.3492,active_vs_baseline
0.0024,0.3494,active_vs_baseline
0.0024,0.3496,active_vs_baseline
0.0024,0.3498,active_vs_baseline
0.0024,0.35,active_vs_baseline
0.0024,0.3502,active_vs_baseline
0.0024,0.3506,active_vs_baseline
0.0024,0.3508,active_vs_baseline
0.0024,0.351,active_vs_baseline
0.0024,0.3516,active_vs_baseline
0.0024,0.3518,active_vs_baseline
0.0024,0.352,active_vs_baseline
0.0024,0.3522,active_vs_baseline
0.0024,0.3524,active_vs_baseline
0.0024,0.3526,active_vs_baseline
0.0024,0.3528,active_vs_baseline
0.0024,0.353,active_vs_baseline
0.0024,0.3532,active_vs_baseline
0.0024,0.3534,active_vs_baseline
0.0024,0.3536,active_vs_baseline
0.0024,0.3538,active_vs_baseline
0.0024,0.354,active_vs_baseline
0.0024,0.3542,active_vs_baseline
0.0024,0.3544,active_vs_baseline
0.0024,0.3546,active_vs_baseline
0.0024,0.3548,active_vs_baseline
0.0024,0.3552,active_vs_baseline
0.0024,0.3554,active_vs_baseline
0.0024,0.3556,active_vs_baseline
0.0026,0.3556,active_vs_baseline
0.0026,0.3558,active_vs_baseline
0.0026,0.356,active_vs_baseline
0.0026,0.3562,active_vs_baseline
0.0026,0.3564,active_vs_baseline
0.0026,0.3566,active_vs_baseline
0.0026,0.3568,active_vs_baseline
0.0026,0.357,active_vs_baseline
0.0026,0.3572,active_vs_baseline
0.0026,0.3574,active_vs_baseline
0.0026,0.3578,active_vs_baseline
0.0026,0.358,active_vs_baseline
0.0026,0.3582,active_vs_baseline
0.0026,0.3584,active_vs_baseline
0.0026,0.3588,active_vs_baseline
0.0026,0.359,active_vs_baseline
0.0026,0.3592,active_vs_baseline
0.0026,0.3594,active_vs_baseline
0.0026,0.3596,active_vs_baseline
0.0026,0.3598,active_vs_baseline
0.0026,0.36,active_vs_baseline
0.0026,0.3602,active_vs_baseline
0.0026,0.3604,active_vs_baseline
0.0026,0.3606,active_vs_baseline
0.0026,0.3608,active_vs_baseline
0.0026,0.361,active_vs_baseline
0.0026,0.3612,active_vs_baseline
0.0026,0.3614,active_vs_baseline
0.0026,0.3616,active_vs_baseline
0.0026,0.3618,active_vs_baseline
0.0026,0.3624,active_vs_baseline
0.0026,0.3626,active_vs_baseline
0.0026,0.3632,active_vs_baseline
0.0026,0.3634,active_vs_baseline
0.0026,0.3636,active_vs_baseline
0.0026,0.3638,active_vs_baseline
0.0028,0.364,active_vs_baseline
0.0028,0.3642,active_vs_baseline
0.0028,0.3644,active_vs_baseline
0.0028,0.3646,active_vs_baseline
0.0028,0.3648,active_vs_baseline
0.0028,0.365,active_vs_baseline
0.0028,0.3652,active_vs_baseline
0.0028,0.3654,active_vs_baseline
0.0028,0.3658,active_vs_baseline
0.0028,0.3662,active_vs_baseline
0.0028,0.3664,active_vs_baseline
0.0028,0.3666,active_vs_baseline
0.0028,0.3668,active_vs_baseline
0.0028,0.367,active_vs_baseline
0.0028,0.3672,active_vs_baseline
0.0028,0.3674,active_vs_baseline
0.0028,0.3676,active_vs_baseline
0.0028,0.3678,active_vs_baseline
0.0028,0.368,active_vs_baseline
0.0028,0.3682,active_vs_baseline
0.0028,0.3684,active_vs_baseline
0.0028,0.3686,active_vs_baseline
0.0028,0.3688,active_vs_baseline
0.0028,0.3694,active_vs_baseline
0.0028,0.3696,active_vs_baseline
0.0028,0.3698,active_vs_baseline
0.0028,0.3702,active_vs_baseline
0.0028,0.3704,active_vs_baseline
0.0028,0.3706,active_vs_baseline
0.0028,0.3708,active_vs_baseline
0.0028,0.3712,active_vs_baseline
0.0028,0.3714,active_vs_baseline
0.0028,0.3716,active_vs_baseline
0.0028,0.3718,active_vs_baseline
0.0028,0.3722,active_vs_baseline
0.0028,0.3724,active_vs_baseline
0.0028,0.3726,active_vs_baseline
0.0028,0.3728,active_vs_baseline
0.0028,0.373,active_vs_baseline
0.0028,0.3732,active_vs_baseline
0.0028,0.3736,active_vs_baseline
0.0028,0.3738,active_vs_baseline
0.0028,0.3744,active_vs_baseline
0.0028,0.3746,active_vs_baseline
0.0028,0.3748,active_vs_baseline
0.0028,0.375,active_vs_baseline
0.0028,0.3754,active_vs_baseline
0.0028,0.3756,active_vs_baseline
0.0028,0.3758,active_vs_baseline
0.0028,0.376,active_vs_baseline
0.0028,0.3762,active_vs_baseline
0.0028,0.3764,active_vs_baseline
0.0028,0.3766,active_vs_baseline
0.0028,0.3768,active_vs_baseline
0.0028,0.377,active_vs_baseline
0.0028,0.3772,active_vs_baseline
0.0028,0.3774,active_vs_baseline
0.003,0.3774,active_vs_baseline
0.003,0.3776,active_vs_baseline
0.003,0.378,active_vs_baseline
0.003,0.3782,active_vs_baseline
0.003,0.3784,active_vs_baseline
0.003,0.3786,active_vs_baseline
0.003,0.3788,active_vs_baseline
0.003,0.379,active_vs_baseline
0.003,0.3792,active_vs_baseline
0.003,0.3794,active_vs_baseline
0.003,0.3796,active_vs_baseline
0.003,0.3798,active_vs_baseline
0.003,0.38,active_vs_baseline
0.003,0.3802,active_vs_baseline
0.003,0.3804,active_vs_baseline
0.003,0.3806,active_vs_baseline
0.003,0.3808,active_vs_baseline
0.003,0.381,active_vs_baseline
0.003,0.3812,active_vs_baseline
0.003,0.3814,active_vs_baseline
0.003,0.3816,active_vs_baseline
0.003,0.3818,active_vs_baseline
0.003,0.382,active_vs_baseline
0.003,0.3822,active_vs_baseline
0.003,0.3824,active_vs_baseline
0.003,0.3826,active_vs_baseline
0.003,0.3828,active_vs_baseline
0.003,0.383,active_vs_baseline
0.003,0.3832,active_vs_baseline
0.003,0.3834,active_vs_baseline
0.003,0.3836,active_vs_baseline
0.003,0.3838,active_vs_baseline
0.003,0.3842,active_vs_baseline
0.003,0.3844,active_vs_baseline
0.003,0.3846,active_vs_baseline
0.003,0.385,active_vs_baseline
0.003,0.3854,active_vs_baseline
0.003,0.3856,active_vs_baseline
0.003,0.3858,active_vs_baseline
0.003,0.386,active_vs_baseline
0.003,0.3862,active_vs_baseline
0.003,0.3864,active_vs_baseline
0.003,0.3866,active_vs_baseline
0.003,0.3868,active_vs_baseline
0.003,0.387,active_vs_baseline
0.003,0.3872,active_vs_baseline
0.0032,0.3872,active_vs_baseline
0.0032,0.3874,active_vs_baseline
0.0032,0.3876,active_vs_baseline
0.0032,0.3878,active_vs_baseline
0.0034,0.3878,active_vs_baseline
0.0034,0.388,active_vs_baseline
0.0034,0.3882,active_vs_baseline
0.0034,0.3884,active_vs_baseline
0.0034,0.3886,active_vs_baseline
0.0034,0.3888,active_vs_baseline
0.0034,0.389,active_vs_baseline
0.0034,0.3892,active_vs_baseline
0.0034,0.3894,active_vs_baseline
0.0034,0.3896,active_vs_baseline
0.0034,0.3898,active_vs_baseline
0.0034,0.3904,active_vs_baseline
0.0034,0.3906,active_vs_baseline
0.0034,0.3908,active_vs_baseline
0.0034,0.391,active_vs_baseline
0.0034,0.3912,active_vs_baseline
0.0034,0.3916,active_vs_baseline
0.0034,0.3918,active_vs_baseline
0.0034,0.392,active_vs_baseline
0.0034,0.3922,active_vs_baseline
0.0034,0.3924,active_vs_baseline
0.0034,0.393,active_vs_baseline
0.0034,0.3932,active_vs_baseline
0.0034,0.3934,active_vs_baseline
0.0034,0.3936,active_vs_baseline
0.0034,0.3938,active_vs_baseline
0.0034,0.394,active_vs_baseline
0.0034,0.3942,active_vs_baseline
0.0034,0.3944,active_vs_baseline
0.0034,0.3946,active_vs_baseline
0.0034,0.3948,active_vs_baseline
0.0034,0.395,active_vs_baseline
0.0034,0.3952,active_vs_baseline
0.0034,0.3954,active_vs_baseline
0.0034,0.3956,active_vs_baseline
0.0034,0.3958,active_vs_baseline
0.0034,0.396,active_vs_baseline
0.0034,0.3962,active_vs_baseline
0.0034,0.3964,active_vs_baseline
0.0034,0.3966,active_vs_baseline
0.0034,0.397,active_vs_baseline
0.0034,0.3974,active_vs_baseline
0.0034,0.3978,active_vs_baseline
0.0034,0.398,active_vs_baseline
0.0034,0.3982,active_vs_baseline
0.0034,0.3984,active_vs_baseline
0.0034,0.3986,active_vs_baseline
0.0034,0.3988,active_vs_baseline
0.0034,0.3992,active_vs_baseline
0.0034,0.3994,active_vs_baseline
0.0034,0.3996,active_vs_baseline
0.0034,0.3998,active_vs_baseline
0.0034,0.4,active_vs_baseline
0.0034,0.4002,active_vs_baseline
0.0034,0.4004,active_vs_baseline
0.0034,0.4006,active_vs_baseline
0.0034,0.4008,active_vs_baseline
0.0036,0.4008,active_vs_baseline
0.0036,0.401,active_vs_baseline
0.0036,0.4012,active_vs_baseline
0.0036,0.4014,active_vs_baseline
0.0036,0.4016,active_vs_baseline
0.0036,0.4018,active_vs_baseline
0.0036,0.402,active_vs_baseline
0.0036,0.4022,active_vs_baseline
0.0036,0.4024,active_vs_baseline
0.0036,0.4026,active_vs_baseline
0.0036,0.4028,active_vs_baseline
0.0036,0.4032,active_vs_baseline
0.0036,0.4034,active_vs_baseline
0.0036,0.4036,active_vs_baseline
0.0036,0.4038,active_vs_baseline
0.0036,0.4042,active_vs_baseline
0.0036,0.4044,active_vs_baseline
0.0036,0.4046,active_vs_baseline
0.0036,0.4048,active_vs_baseline
0.0036,0.405,active_vs_baseline
0.0036,0.4052,active_vs_baseline
0.0036,0.4054,active_vs_baseline
0.0036,0.4058,active_vs_baseline
0.0036,0.406,active_vs_baseline
0.0036,0.4064,active_vs_baseline
0.0036,0.4066,active_vs_baseline
0.0036,0.4068,active_vs_baseline
0.0036,0.407,active_vs_baseline
0.0036,0.4072,active_vs_baseline
0.0036,0.4074,active_vs_baseline
0.0036,0.4076,active_vs_baseline
0.0036,0.408,active_vs_baseline
0.0036,0.4082,active_vs_baseline
0.0038,0.4082,active_vs_baseline
0.0038,0.4084,active_vs_baseline
0.0038,0.4086,active_vs_baseline
0.0038,0.4088,active_vs_baseline
0.0038,0.409,active_vs_baseline
0.0038,0.4092,active_vs_baseline
0.0038,0.4094,active_vs_baseline
0.0038,0.4096,active_vs_baseline
0.0038,0.4098,active_vs_baseline
0.0038,0.41,active_vs_baseline
0.0038,0.4102,active_vs_baseline
0.0038,0.4104,active_vs_baseline
0.0038,0.4106,active_vs_baseline
0.0038,0.4108,active_vs_baseline
0.0038,0.411,active_vs_baseline
0.0038,0.4112,active_vs_baseline
0.0038,0.4114,active_vs_baseline
0.004,0.4114,active_vs_baseline
0.004,0.4118,active_vs_baseline
0.004,0.4122,active_vs_baseline
0.004,0.4124,active_vs_baseline
0.004,0.4126,active_vs_baseline
0.004,0.4128,active_vs_baseline
0.004,0.413,active_vs_baseline
0.004,0.4132,active_vs_baseline
0.004,0.4134,active_vs_baseline
0.004,0.4136,active_vs_baseline
0.004,0.4138,active_vs_baseline
0.004,0.414,active_vs_baseline
0.004,0.4142,active_vs_baseline
0.004,0.4144,active_vs_baseline
0.004,0.4146,active_vs_baseline
0.004,0.4148,active_vs_baseline
0.004,0.415,active_vs_baseline
0.004,0.4152,active_vs_baseline
0.004,0.4154,active_vs_baseline
0.004,0.4156,active_vs_baseline
0.004,0.4158,active_vs_baseline
0.004,0.416,active_vs_baseline
0.004,0.4162,active_vs_baseline
0.004,0.4168,active_vs_baseline
0.004,0.417,active_vs_baseline
0.004,0.4172,active_vs_baseline
0.004,0.4174,active_vs_baseline
0.004,0.4176,active_vs_baseline
0.004,0.4178,active_vs_baseline
0.004,0.418,active_vs_baseline
0.004,0.4182,active_vs_baseline
0.004,0.4184,active_vs_baseline
0.004,0.4186,active_vs_baseline
0.004,0.4188,active_vs_baseline
0.004,0.419,active_vs_baseline
0.004,0.4192,active_vs_baseline
0.004,0.4196,active_vs_baseline
0.004,0.4198,active_vs_baseline
0.004,0.42,active_vs_baseline
0.004,0.4202,active_vs_baseline
0.004,0.4204,active_vs_baseline
0.004,0.4206,active_vs_baseline
0.004,0.4208,active_vs_baseline
0.004,0.421,active_vs_baseline
0.004,0.4212,active_vs_baseline
0.004,0.4214,active_vs_baseline
0.004,0.4216,active_vs_baseline
0.004,0.4218,active_vs_baseline
0.0042,0.422,active_vs_baseline
0.0042,0.4224,active_vs_baseline
0.0042,0.4226,active_vs_baseline
0.0042,0.4228,active_vs_baseline
0.0042,0.4232,active_vs_baseline
0.0042,0.4234,active_vs_baseline
0.0042,0.4236,active_vs_baseline
0.0042,0.4238,active_vs_baseline
0.0042,0.424,active_vs_baseline
0.0042,0.4242,active_vs_baseline
0.0042,0.4244,active_vs_baseline
0.0042,0.4246,active_vs_baseline
0.0042,0.4248,active_vs_baseline
0.0042,0.425,active_vs_baseline
0.0042,0.4252,active_vs_baseline
0.0042,0.4254,active_vs_baseline
0.0042,0.4256,active_vs_baseline
0.0042,0.4258,active_vs_baseline
0.0042,0.4264,active_vs_baseline
0.0042,0.4266,active_vs_baseline
0.0042,0.4268,active_vs_baseline
0.0042,0.427,active_vs_baseline
0.0042,0.4272,active_vs_baseline
0.0042,0.4274,active_vs_baseline
0.0042,0.4276,active_vs_baseline
0.0042,0.4278,active_vs_baseline
0.0042,0.428,active_vs_baseline
0.0042,0.4282,active_vs_baseline
0.0042,0.4284,active_vs_baseline
0.0042,0.4286,active_vs_baseline
0.0042,0.4288,active_vs_baseline
0.0042,0.429,active_vs_baseline
0.0042,0.4292,active_vs_baseline
0.0042,0.4294,active_vs_baseline
0.0042,0.4296,active_vs_baseline
0.0042,0.4298,active_vs_baseline
0.0042,0.43,active_vs_baseline
0.0042,0.4302,active_vs_baseline
0.0042,0.4306,active_vs_baseline
0.0042,0.431,active_vs_baseline
0.0042,0.4312,active_vs_baseline
0.0042,0.4314,active_vs_baseline
0.0042,0.4316,active_vs_baseline
0.0042,0.4318,active_vs_baseline
0.0042,0.432,active_vs_baseline
0.0042,0.4322,active_vs_baseline
0.0042,0.4324,active_vs_baseline
0.0042,0.4326,active_vs_baseline
0.0042,0.4328,active_vs_baseline
0.0042,0.433,active_vs_baseline
0.0042,0.4334,active_vs_baseline
0.0042,0.4336,active_vs_baseline
0.0042,0.4338,active_vs_baseline
0.0042,0.434,active_vs_baseline
0.0042,0.4342,active_vs_baseline
0.0042,0.4344,active_vs_baseline
0.0042,0.4346,active_vs_baseline
0.0042,0.4348,active_vs_baseline
0.0042,0.435,active_vs_baseline
0.0042,0.4352,active_vs_baseline
0.0042,0.4354,active_vs_baseline
0.0042,0.4356,active_vs_baseline
0.0042,0.4358,active_vs_baseline
0.0042,0.436,active_vs_baseline
0.0042,0.4362,active_vs_baseline
0.0042,0.4364,active_vs_baseline
0.0042,0.4366,active_vs_baseline
0.0042,0.4368,active_vs_baseline
0.0042,0.437,active_vs_baseline
0.0042,0.4372,active_vs_baseline
0.0042,0.4374,active_vs_baseline
0.0042,0.4376,active_vs_baseline
0.0042,0.4378,active_vs_baseline
0.0042,0.438,active_vs_baseline
0.0042,0.4382,active_vs_baseline
0.0042,0.4384,active_vs_baseline
0.0042,0.4386,active_vs_baseline
0.0042,0.4388,active_vs_baseline
0.0042,0.439,active_vs_baseline
0.0042,0.4392,active_vs_baseline
0.0042,0.4396,active_vs_baseline
0.0042,0.4398,active_vs_baseline
0.0042,0.44,active_vs_baseline
0.0042,0.4402,active_vs_baseline
0.0042,0.4404,active_vs_baseline
0.0042,0.4406,active_vs_baseline
0.0042,0.4408,active_vs_baseline
0.0042,0.441,active_vs_baseline
0.0044,0.441,active_vs_baseline
0.0044,0.4412,active_vs_baseline
0.0044,0.4414,active_vs_baseline
0.0044,0.4418,active_vs_baseline
0.0044,0.442,active_vs_baseline
0.0044,0.4422,active_vs_baseline
0.0044,0.4424,active_vs_baseline
0.0044,0.4434,active_vs_baseline
0.0044,0.4436,active_vs_baseline
0.0044,0.4438,active_vs_baseline
0.0044,0.444,active_vs_baseline
0.0044,0.4442,active_vs_baseline
0.0044,0.4444,active_vs_baseline
0.0044,0.4446,active_vs_baseline
0.0044,0.4448,active_vs_baseline
0.0044,0.445,active_vs_baseline
0.0044,0.4452,active_vs_baseline
0.0044,0.4454,active_vs_baseline
0.0044,0.4456,active_vs_baseline
0.0044,0.4458,active_vs_baseline
0.0044,0.446,active_vs_baseline
0.0044,0.4462,active_vs_baseline
0.0044,0.4464,active_vs_baseline
0.0044,0.4466,active_vs_baseline
0.0044,0.4468,active_vs_baseline
0.0044,0.4472,active_vs_baseline
0.0044,0.4474,active_vs_baseline
0.0044,0.4478,active_vs_baseline
0.0044,0.448,active_vs_baseline
0.0044,0.4482,active_vs_baseline
0.0044,0.4484,active_vs_baseline
0.0044,0.4488,active_vs_baseline
0.0044,0.449,active_vs_baseline
0.0044,0.4494,active_vs_baseline
0.0044,0.4496,active_vs_baseline
0.0044,0.4498,active_vs_baseline
0.0044,0.45,active_vs_baseline
0.0044,0.4502,active_vs_baseline
0.0044,0.4504,active_vs_baseline
0.0044,0.4506,active_vs_baseline
0.0044,0.4508,active_vs_baseline
0.0044,0.451,active_vs_baseline
0.0044,0.4512,active_vs_baseline
0.0046,0.4512,active_vs_baseline
0.0046,0.4514,active_vs_baseline
0.0046,0.4516,active_vs_baseline
0.0046,0.4518,active_vs_baseline
0.0046,0.452,active_vs_baseline
0.0046,0.4522,active_vs_baseline
0.0046,0.4524,active_vs_baseline
0.0046,0.4526,active_vs_baseline
0.0046,0.4528,active_vs_baseline
0.0046,0.453,active_vs_baseline
0.0046,0.4534,active_vs_baseline
0.0046,0.4536,active_vs_baseline
0.0046,0.4538,active_vs_baseline
0.0046,0.4542,active_vs_baseline
0.0046,0.4544,active_vs_baseline
0.0046,0.4546,active_vs_baseline
0.0046,0.4548,active_vs_baseline
0.0046,0.455,active_vs_baseline
0.0046,0.4552,active_vs_baseline
0.0046,0.4554,active_vs_baseline
0.0046,0.4556,active_vs_baseline
0.0046,0.4558,active_vs_baseline
0.0048,0.4558,active_vs_baseline
0.0048,0.456,active_vs_baseline
0.0048,0.4564,active_vs_baseline
0.0048,0.4566,active_vs_baseline
0.0048,0.457,active_vs_baseline
0.0048,0.4574,active_vs_baseline
0.005,0.4576,active_vs_baseline
0.0052,0.4576,active_vs_baseline
0.0052,0.4578,active_vs_baseline
0.0052,0.458,active_vs_baseline
0.0052,0.4582,active_vs_baseline
0.0052,0.4584,active_vs_baseline
0.0052,0.4586,active_vs_baseline
0.0052,0.4588,active_vs_baseline
0.0052,0.459,active_vs_baseline
0.0052,0.4594,active_vs_baseline
0.0052,0.4596,active_vs_baseline
0.0052,0.4598,active_vs_baseline
0.0052,0.46,active_vs_baseline
0.0052,0.4606,active_vs_baseline
0.0052,0.461,active_vs_baseline
0.0052,0.4612,active_vs_baseline
0.0052,0.4614,active_vs_baseline
0.0052,0.4616,active_vs_baseline
0.0052,0.4618,active_vs_baseline
0.0052,0.462,active_vs_baseline
0.0052,0.4622,active_vs_baseline
0.0052,0.4624,active_vs_baseline
0.0052,0.4626,active_vs_baseline
0.0052,0.4628,active_vs_baseline
0.0052,0.463,active_vs_baseline
0.0052,0.4636,active_vs_baseline
0.0052,0.4638,active_vs_baseline
0.0052,0.464,active_vs_baseline
0.0052,0.4642,active_vs_baseline
0.0052,0.4644,active_vs_baseline
0.0052,0.4646,active_vs_baseline
0.0052,0.4648,active_vs_baseline
0.0052,0.465,active_vs_baseline
0.0052,0.4652,active_vs_baseline
0.0052,0.4654,active_vs_baseline
0.0052,0.4656,active_vs_baseline
0.0052,0.466,active_vs_baseline
0.0052,0.4662,active_vs_baseline
0.0052,0.4664,active_vs_baseline
0.0052,0.4666,active_vs_baseline
0.0052,0.4668,active_vs_baseline
0.0052,0.467,active_vs_baseline
0.0052,0.4672,active_vs_baseline
0.0052,0.4674,active_vs_baseline
0.0052,0.4676,active_vs_baseline
0.0052,0.468,active_vs_baseline
0.0052,0.4682,active_vs_baseline
0.0052,0.4684,active_vs_baseline
0.0052,0.4686,active_vs_baseline
0.0052,0.4688,active_vs_baseline
0.0052,0.469,active_vs_baseline
0.0052,0.4692,active_vs_baseline
0.0052,0.4696,active_vs_baseline
0.0052,0.4698,active_vs_baseline
0.0052,0.47,active_vs_baseline
0.0052,0.4702,active_vs_baseline
0.0052,0.4704,active_vs_baseline
0.0052,0.4706,active_vs_baseline
0.0052,0.4708,active_vs_baseline
0.0052,0.471,active_vs_baseline
0.0052,0.4712,active_vs_baseline
0.0052,0.4714,active_vs_baseline
0.0052,0.4716,active_vs_baseline
0.0052,0.4718,active_vs_baseline
0.0052,0.472,active_vs_baseline
0.0052,0.4722,active_vs_baseline
0.0052,0.4724,active_vs_baseline
0.0052,0.4726,active_vs_baseline
0.0052,0.4728,active_vs_baseline
0.0052,0.473,active_vs_baseline
0.0052,0.4732,active_vs_baseline
0.0052,0.4734,active_vs_baseline
0.0052,0.4738,active_vs_baseline
0.0052,0.474,active_vs_baseline
0.0052,0.4742,active_vs_baseline
0.0052,0.4744,active_vs_baseline
0.0052,0.4746,active_vs_baseline
0.0052,0.4748,active_vs_baseline
0.0052,0.475,active_vs_baseline
0.0052,0.4752,active_vs_baseline
0.0052,0.4754,active_vs_baseline
0.0052,0.4758,active_vs_baseline
0.0052,0.4764,active_vs_baseline
0.0052,0.477,active_vs_baseline
0.0056,0.4774,active_vs_baseline
0.0056,0.4776,active_vs_baseline
0.0056,0.4778,active_vs_baseline
0.0056,0.478,active_vs_baseline
0.0056,0.4782,active_vs_baseline
0.0056,0.4784,active_vs_baseline
0.0056,0.4788,active_vs_baseline
0.0056,0.479,active_vs_baseline
0.0056,0.4792,active_vs_baseline
0.0056,0.4794,active_vs_baseline
0.0056,0.4796,active_vs_baseline
0.0056,0.4798,active_vs_baseline
0.0056,0.48,active_vs_baseline
0.0056,0.4802,active_vs_baseline
0.0056,0.4804,active_vs_baseline
0.0056,0.4806,active_vs_baseline
0.0058,0.4808,active_vs_baseline
0.0058,0.481,active_vs_baseline
0.0058,0.4812,active_vs_baseline
0.0058,0.4814,active_vs_baseline
0.0058,0.4816,active_vs_baseline
0.0058,0.4818,active_vs_baseline
0.0058,0.482,active_vs_baseline
0.0058,0.4822,active_vs_baseline
0.0058,0.4824,active_vs_baseline
0.0058,0.4826,active_vs_baseline
0.0058,0.4828,active_vs_baseline
0.0058,0.483,active_vs_baseline
0.0058,0.4832,active_vs_baseline
0.0058,0.4836,active_vs_baseline
0.0058,0.4838,active_vs_baseline
0.0058,0.484,active_vs_baseline
0.0058,0.4842,active_vs_baseline
0.0058,0.4844,active_vs_baseline
0.0058,0.4848,active_vs_baseline
0.006,0.4848,active_vs_baseline
0.006,0.485,active_vs_baseline
0.006,0.4854,active_vs_baseline
0.006,0.4856,active_vs_baseline
0.006,0.4858,active_vs_baseline
0.006,0.486,active_vs_baseline
0.006,0.4862,active_vs_baseline
0.006,0.4864,active_vs_baseline
0.0062,0.4864,active_vs_baseline
0.0062,0.4866,active_vs_baseline
0.0062,0.4868,active_vs_baseline
0.0062,0.487,active_vs_baseline
0.0062,0.4872,active_vs_baseline
0.0064,0.4874,active_vs_baseline
0.0064,0.4876,active_vs_baseline
0.0064,0.488,active_vs_baseline
0.0064,0.4884,active_vs_baseline
0.0064,0.4886,active_vs_baseline
0.0064,0.4888,active_vs_baseline
0.0064,0.489,active_vs_baseline
0.0064,0.4892,active_vs_baseline
0.0064,0.4894,active_vs_baseline
0.0064,0.4896,active_vs_baseline
0.0064,0.4898,active_vs_baseline
0.0064,0.49,active_vs_baseline
0.0064,0.4902,active_vs_baseline
0.0064,0.4904,active_vs_baseline
0.0064,0.4906,active_vs_baseline
0.0064,0.4908,active_vs_baseline
0.0064,0.491,active_vs_baseline
0.0064,0.4912,active_vs_baseline
0.0064,0.4916,active_vs_baseline
0.0064,0.4918,active_vs_baseline
0.0064,0.492,active_vs_baseline
0.0064,0.4922,active_vs_baseline
0.0064,0.4924,active_vs_baseline
0.0064,0.4926,active_vs_baseline
0.0064,0.4928,active_vs_baseline
0.0064,0.493,active_vs_baseline
0.0064,0.4934,active_vs_baseline
0.0064,0.4936,active_vs_baseline
0.0064,0.4938,active_vs_baseline
0.0064,0.494,active_vs_baseline
0.0064,0.4942,active_vs_baseline
0.0066,0.4942,active_vs_baseline
0.0066,0.4944,active_vs_baseline
0.0066,0.495,active_vs_baseline
0.0066,0.4952,active_vs_baseline
0.0066,0.4954,active_vs_baseline
0.0066,0.4956,active_vs_baseline
0.0066,0.4958,active_vs_baseline
0.0066,0.496,active_vs_baseline
0.0066,0.4962,active_vs_baseline
0.0066,0.4964,active_vs_baseline
0.0066,0.4966,active_vs_baseline
0.0066,0.4968,active_vs_baseline
0.0066,0.4972,active_vs_baseline
0.0066,0.4974,active_vs_baseline
0.0066,0.4976,active_vs_baseline
0.0066,0.498,active_vs_baseline
0.0066,0.4982,active_vs_baseline
0.0066,0.4984,active_vs_baseline
0.0066,0.4986,active_vs_baseline
0.0066,0.4988,active_vs_baseline
0.0066,0.499,active_vs_baseline
0.0066,0.4992,active_vs_baseline
0.0066,0.4994,active_vs_baseline
0.0066,0.4998,active_vs_baseline
0.0066,0.5,active_vs_baseline
0.0066,0.5002,active_vs_baseline
0.0066,0.5004,active_vs_baseline
0.0066,0.5006,active_vs_baseline
0.0066,0.501,active_vs_baseline
0.0066,0.5018,active_vs_baseline
0.0066,0.502,active_vs_baseline
0.0066,0.5022,active_vs_baseline
0.0066,0.5024,active_vs_baseline
0.0066,0.5026,active_vs_baseline
0.0066,0.5028,active_vs_baseline
0.0066,0.503,active_vs_baseline
0.0066,0.5032,active_vs_baseline
0.0066,0.5034,active_vs_baseline
0.0066,0.5036,active_vs_baseline
0.0066,0.5038,active_vs_baseline
0.0066,0.504,active_vs_baseline
0.0066,0.5042,active_vs_baseline
0.0066,0.5044,active_vs_baseline
0.0066,0.5046,active_vs_baseline
0.0066,0.5048,active_vs_baseline
0.0066,0.5052,active_vs_baseline
0.0066,0.5054,active_vs_baseline
0.0066,0.5056,active_vs_baseline
0.0066,0.5058,active_vs_baseline
0.0066,0.5062,active_vs_baseline
0.0066,0.5064,active_vs_baseline
0.0066,0.5066,active_vs_baseline
0.0066,0.5068,active_vs_baseline
0.0066,0.507,active_vs_baseline
0.0066,0.5074,active_vs_baseline
0.0066,0.5076,active_vs_baseline
0.0066,0.5078,active_vs_baseline
0.0066,0.508,active_vs_baseline
0.0066,0.5082,active_vs_baseline
0.0066,0.5084,active_vs_baseline
0.0066,0.5086,active_vs_baseline
0.0066,0.5088,active_vs_baseline
0.0066,0.5092,active_vs_baseline
0.0066,0.5094,active_vs_baseline
0.0066,0.5096,active_vs_baseline
0.0066,0.5098,active_vs_baseline
0.0066,0.51,active_vs_baseline
0.0066,0.5102,active_vs_baseline
0.0066,0.5104,active_vs_baseline
0.0066,0.5106,active_vs_baseline
0.0066,0.5108,active_vs_baseline
0.0066,0.5112,active_vs_baseline
0.0066,0.5114,active_vs_baseline
0.0066,0.5116,active_vs_baseline
0.0066,0.5118,active_vs_baseline
0.0066,0.512,active_vs_baseline
0.0066,0.5122,active_vs_baseline
0.0066,0.5124,active_vs_baseline
0.0066,0.5126,active_vs_baseline
0.0066,0.5128,active_vs_baseline
0.0066,0.513,active_vs_baseline
0.0066,0.5138,active_vs_baseline
0.0066,0.514,active_vs_baseline
0.0066,0.5142,active_vs_baseline
0.0066,0.5144,active_vs_baseline
0.0066,0.5146,active_vs_baseline
0.0066,0.515,active_vs_baseline
0.0066,0.5152,active_vs_baseline
0.0066,0.5154,active_vs_baseline
0.0066,0.5156,active_vs_baseline
0.0066,0.5158,active_vs_baseline
0.0066,0.516,active_vs_baseline
0.0066,0.5162,active_vs_baseline
0.0066,0.5164,active_vs_baseline
0.0066,0.5166,active_vs_baseline
0.0066,0.5168,active_vs_baseline
0.0066,0.517,active_vs_baseline
0.0066,0.5172,active_vs_baseline
0.0066,0.5174,active_vs_baseline
0.0066,0.5176,active_vs_baseline
0.0066,0.5178,active_vs_baseline
0.0066,0.518,active_vs_baseline
0.0066,0.5182,active_vs_baseline
0.0066,0.5184,active_vs_baseline
0.0066,0.5186,active_vs_baseline
0.0066,0.5188,active_vs_baseline
0.0066,0.519,active_vs_baseline
0.0066,0.5192,active_vs_baseline
0.0066,0.5194,active_vs_baseline
0.0066,0.5196,active_vs_baseline
0.0066,0.5198,active_vs_baseline
0.0066,0.52,active_vs_baseline
0.0066,0.5202,active_vs_baseline
0.0066,0.5206,active_vs_baseline
0.0066,0.5208,active_vs_baseline
0.0066,0.521,active_vs_baseline
0.0066,0.5212,active_vs_baseline
0.0066,0.5214,active_vs_baseline
0.0066,0.5216,active_vs_baseline
0.0066,0.5222,active_vs_baseline
0.0066,0.5224,active_vs_baseline
0.0066,0.5226,active_vs_baseline
0.0066,0.5228,active_vs_baseline
0.0066,0.523,active_vs_baseline
0.0066,0.5232,active_vs_baseline
0.0066,0.5234,active_vs_baseline
0.0066,0.5236,active_vs_baseline
0.0066,0.5238,active_vs_baseline
0.0066,0.524,active_vs_baseline
0.0066,0.5242,active_vs_baseline
0.0068,0.5242,active_vs_baseline
0.0068,0.5244,active_vs_baseline
0.0068,0.5246,active_vs_baseline
0.0068,0.5248,active_vs_baseline
0.0068,0.525,active_vs_baseline
0.0068,0.5252,active_vs_baseline
0.0068,0.5254,active_vs_baseline
0.0068,0.5256,active_vs_baseline
0.0068,0.5258,active_vs_baseline
0.0068,0.526,active_vs_baseline
0.0068,0.5262,active_vs_baseline
0.0068,0.5264,active_vs_baseline
0.0068,0.5268,active_vs_baseline
0.0068,0.527,active_vs_baseline
0.0068,0.5272,active_vs_baseline
0.0068,0.5274,active_vs_baseline
0.0068,0.5278,active_vs_baseline
0.0068,0.528,active_vs_baseline
0.0068,0.5282,active_vs_baseline
0.0068,0.5284,active_vs_baseline
0.0068,0.5286,active_vs_baseline
0.0068,0.5288,active_vs_baseline
0.0068,0.529,active_vs_baseline
0.0068,0.5292,active_vs_baseline
0.0068,0.5294,active_vs_baseline
0.007,0.5294,active_vs_baseline
0.0072,0.5294,active_vs_baseline
0.0072,0.5296,active_vs_baseline
0.0072,0.5298,active_vs_baseline
0.0072,0.53,active_vs_baseline
0.0072,0.5304,active_vs_baseline
0.0072,0.5306,active_vs_baseline
0.0072,0.5308,active_vs_baseline
0.0072,0.5314,active_vs_baseline
0.0072,0.5316,active_vs_baseline
0.0072,0.5318,active_vs_baseline
0.0072,0.532,active_vs_baseline
0.0072,0.5322,active_vs_baseline
0.0072,0.5324,active_vs_baseline
0.0072,0.5326,active_vs_baseline
0.0072,0.5328,active_vs_baseline
0.0072,0.533,active_vs_baseline
0.0072,0.5332,active_vs_baseline
0.0072,0.5334,active_vs_baseline
0.0072,0.5336,active_vs_baseline
0.0072,0.5338,active_vs_baseline
0.0072,0.5342,active_vs_baseline
0.0072,0.5344,active_vs_baseline
0.0072,0.5348,active_vs_baseline
0.0072,0.535,active_vs_baseline
0.0072,0.5354,active_vs_baseline
0.0072,0.5356,active_vs_baseline
0.0072,0.536,active_vs_baseline
0.0072,0.5362,active_vs_baseline
0.0072,0.5364,active_vs_baseline
0.0072,0.5366,active_vs_baseline
0.0072,0.5368,active_vs_baseline
0.0072,0.5372,active_vs_baseline
0.0072,0.5374,active_vs_baseline
0.0072,0.5376,active_vs_baseline
0.0072,0.5378,active_vs_baseline
0.0074,0.5382,active_vs_baseline
0.0074,0.5384,active_vs_baseline
0.0074,0.5386,active_vs_baseline
0.0074,0.5388,active_vs_baseline
0.0074,0.539,active_vs_baseline
0.0074,0.5392,active_vs_baseline
0.0074,0.5394,active_vs_baseline
0.0074,0.5396,active_vs_baseline
0.0076,0.5396,active_vs_baseline
0.0076,0.5398,active_vs_baseline
0.0076,0.54,active_vs_baseline
0.0076,0.5402,active_vs_baseline
0.0076,0.5404,active_vs_baseline
0.0076,0.5406,active_vs_baseline
0.0076,0.5414,active_vs_baseline
0.0076,0.5416,active_vs_baseline
0.0076,0.5418,active_vs_baseline
0.0078,0.5418,active_vs_baseline
0.0078,0.542,active_vs_baseline
0.0078,0.5422,active_vs_baseline
0.0078,0.5428,active_vs_baseline
0.0078,0.543,active_vs_baseline
0.0078,0.5432,active_vs_baseline
0.0078,0.5434,active_vs_baseline
0.0078,0.5436,active_vs_baseline
0.0078,0.5438,active_vs_baseline
0.0078,0.544,active_vs_baseline
0.0078,0.5442,active_vs_baseline
0.0078,0.5444,active_vs_baseline
0.0078,0.5448,active_vs_baseline
0.0078,0.545,active_vs_baseline
0.0078,0.5452,active_vs_baseline
0.0078,0.5454,active_vs_baseline
0.0078,0.5458,active_vs_baseline
0.0078,0.5462,active_vs_baseline
0.0078,0.5464,active_vs_baseline
0.008,0.5464,active_vs_baseline
0.008,0.5466,active_vs_baseline
0.008,0.5468,active_vs_baseline
0.008,0.547,active_vs_baseline
0.008,0.5472,active_vs_baseline
0.008,0.5474,active_vs_baseline
0.008,0.5476,active_vs_baseline
0.008,0.5478,active_vs_baseline
0.0082,0.5478,active_vs_baseline
0.0082,0.5486,active_vs_baseline
0.0082,0.5488,active_vs_baseline
0.0082,0.549,active_vs_baseline
0.0082,0.5492,active_vs_baseline
0.0082,0.5494,active_vs_baseline
0.0082,0.5496,active_vs_baseline
0.0082,0.5498,active_vs_baseline
0.0082,0.55,active_vs_baseline
0.0082,0.5502,active_vs_baseline
0.0084,0.5502,active_vs_baseline
0.0084,0.5504,active_vs_baseline
0.0084,0.5506,active_vs_baseline
0.0084,0.551,active_vs_baseline
0.0084,0.5512,active_vs_baseline
0.0084,0.5514,active_vs_baseline
0.0084,0.5516,active_vs_baseline
0.0084,0.5518,active_vs_baseline
0.0086,0.552,active_vs_baseline
0.0086,0.5522,active_vs_baseline
0.0086,0.5524,active_vs_baseline
0.0086,0.5526,active_vs_baseline
0.0086,0.5528,active_vs_baseline
0.0086,0.5532,active_vs_baseline
0.0088,0.5532,active_vs_baseline
0.0088,0.5534,active_vs_baseline
0.0088,0.5536,active_vs_baseline
0.0088,0.5538,active_vs_baseline
0.0088,0.554,active_vs_baseline
0.0088,0.5542,active_vs_baseline
0.0088,0.5544,active_vs_baseline
0.0088,0.5546,active_vs_baseline
0.0088,0.5552,active_vs_baseline
0.0088,0.5554,active_vs_baseline
0.0088,0.5556,active_vs_baseline
0.0088,0.5558,active_vs_baseline
0.0088,0.556,active_vs_baseline
0.0088,0.5562,active_vs_baseline
0.0088,0.5564,active_vs_baseline
0.0088,0.5566,active_vs_baseline
0.0088,0.5568,active_vs_baseline
0.0088,0.557,active_vs_baseline
0.0088,0.5572,active_vs_baseline
0.0088,0.5574,active_vs_baseline
0.0088,0.5576,active_vs_baseline
0.0088,0.5578,active_vs_baseline
0.0088,0.5582,active_vs_baseline
0.0088,0.5584,active_vs_baseline
0.0088,0.5586,active_vs_baseline
0.009,0.5586,active_vs_baseline
0.009,0.559,active_vs_baseline
0.009,0.5592,active_vs_baseline
0.009,0.5594,active_vs_baseline
0.009,0.5596,active_vs_baseline
0.009,0.5598,active_vs_baseline
0.009,0.56,active_vs_baseline
0.009,0.5602,active_vs_baseline
0.009,0.5604,active_vs_baseline
0.009,0.5606,active_vs_baseline
0.009,0.5608,active_vs_baseline
0.009,0.561,active_vs_baseline
0.009,0.5612,active_vs_baseline
0.009,0.5614,active_vs_baseline
0.009,0.5616,active_vs_baseline
0.009,0.5618,active_vs_baseline
0.0092,0.5618,active_vs_baseline
0.0092,0.562,active_vs_baseline
0.0092,0.5622,active_vs_baseline
0.0092,0.5624,active_vs_baseline
0.0092,0.5626,active_vs_baseline
0.0092,0.5628,active_vs_baseline
0.0092,0.563,active_vs_baseline
0.0092,0.5632,active_vs_baseline
0.0092,0.5634,active_vs_baseline
0.0092,0.5636,active_vs_baseline
0.0092,0.5638,active_vs_baseline
0.0092,0.564,active_vs_baseline
0.0092,0.5642,active_vs_baseline
0.0094,0.5644,active_vs_baseline
0.0094,0.5648,active_vs_baseline
0.0094,0.565,active_vs_baseline
0.0094,0.5652,active_vs_baseline
0.0094,0.5654,active_vs_baseline
0.0094,0.5656,active_vs_baseline
0.0094,0.5658,active_vs_baseline
0.0094,0.566,active_vs_baseline
0.0094,0.5662,active_vs_baseline
0.0094,0.5666,active_vs_baseline
0.0094,0.5668,active_vs_baseline
0.0094,0.567,active_vs_baseline
0.0094,0.5672,active_vs_baseline
0.0094,0.5674,active_vs_baseline
0.0096,0.5674,active_vs_baseline
0.0098,0.5674,active_vs_baseline
0.0098,0.5676,active_vs_baseline
0.0098,0.5678,active_vs_baseline
0.0098,0.568,active_vs_baseline
0.0098,0.5682,active_vs_baseline
0.0098,0.5684,active_vs_baseline
0.0098,0.5686,active_vs_baseline
0.0098,0.5688,active_vs_baseline
0.0098,0.569,active_vs_baseline
0.0098,0.5692,active_vs_baseline
0.0098,0.5694,active_vs_baseline
0.0098,0.5696,active_vs_baseline
0.0098,0.5698,active_vs_baseline
0.0098,0.57,active_vs_baseline
0.0098,0.5702,active_vs_baseline
0.0098,0.5704,active_vs_baseline
0.0098,0.5706,active_vs_baseline
0.0098,0.5708,active_vs_baseline
0.0098,0.571,active_vs_baseline
0.0098,0.5712,active_vs_baseline
0.0098,0.5714,active_vs_baseline
0.0098,0.5716,active_vs_baseline
0.01,0.5716,active_vs_baseline
0.01,0.5718,active_vs_baseline
0.01,0.572,active_vs_baseline
0.01,0.5722,active_vs_baseline
0.0102,0.5722,active_vs_baseline
0.0102,0.5724,active_vs_baseline
0.0102,0.5726,active_vs_baseline
0.0102,0.5728,active_vs_baseline
0.0102,0.574,active_vs_baseline
0.0102,0.5742,active_vs_baseline
0.0104,0.5744,active_vs_baseline
0.0104,0.5746,active_vs_baseline
0.0104,0.5748,active_vs_baseline
0.0104,0.575,active_vs_baseline
0.0106,0.575,active_vs_baseline
0.0106,0.5754,active_vs_baseline
0.0106,0.5758,active_vs_baseline
0.0106,0.576,active_vs_baseline
0.0106,0.5762,active_vs_baseline
0.0106,0.5764,active_vs_baseline
0.0106,0.5766,active_vs_baseline
0.0106,0.5768,active_vs_baseline
0.0106,0.5772,active_vs_baseline
0.0106,0.5774,active_vs_baseline
0.0106,0.5776,active_vs_baseline
0.0106,0.578,active_vs_baseline
0.0106,0.5784,active_vs_baseline
0.0106,0.5786,active_vs_baseline
0.0106,0.5788,active_vs_baseline
0.0106,0.579,active_vs_baseline
0.0106,0.5792,active_vs_baseline
0.0106,0.5794,active_vs_baseline
0.0106,0.5796,active_vs_baseline
0.0106,0.5798,active_vs_baseline
0.0106,0.58,active_vs_baseline
0.0106,0.5802,active_vs_baseline
0.0106,0.5804,active_vs_baseline
0.0106,0.5806,active_vs_baseline
0.0106,0.5812,active_vs_baseline
0.0106,0.5814,active_vs_baseline
0.0106,0.5816,active_vs_baseline
0.0106,0.582,active_vs_baseline
0.0106,0.5822,active_vs_baseline
0.0106,0.5824,active_vs_baseline
0.0106,0.5832,active_vs_baseline
0.0106,0.5834,active_vs_baseline
0.0106,0.5836,active_vs_baseline
0.0106,0.5838,active_vs_baseline
0.0106,0.584,active_vs_baseline
0.0106,0.5842,active_vs_baseline
0.0106,0.5844,active_vs_baseline
0.0106,0.5846,active_vs_baseline
0.0106,0.5848,active_vs_baseline
0.0106,0.585,active_vs_baseline
0.0106,0.5852,active_vs_baseline
0.0106,0.5854,active_vs_baseline
0.0106,0.5856,active_vs_baseline
0.0106,0.5858,active_vs_baseline
0.0106,0.5862,active_vs_baseline
0.0106,0.5864,active_vs_baseline
0.0106,0.5866,active_vs_baseline
0.0106,0.5868,active_vs_baseline
0.0106,0.587,active_vs_baseline
0.0106,0.5872,active_vs_baseline
0.0106,0.5874,active_vs_baseline
0.0106,0.5876,active_vs_baseline
0.0106,0.5878,active_vs_baseline
0.0106,0.5882,active_vs_baseline
0.0106,0.5884,active_vs_baseline
0.0106,0.5886,active_vs_baseline
0.0106,0.5888,active_vs_baseline
0.0106,0.589,active_vs_baseline
0.0106,0.5892,active_vs_baseline
0.0106,0.5894,active_vs_baseline
0.0108,0.5894,active_vs_baseline
0.0108,0.5896,active_vs_baseline
0.0108,0.5898,active_vs_baseline
0.0108,0.59,active_vs_baseline
0.011,0.59,active_vs_baseline
0.011,0.5902,active_vs_baseline
0.011,0.5904,active_vs_baseline
0.011,0.5906,active_vs_baseline
0.011,0.5908,active_vs_baseline
0.011,0.591,active_vs_baseline
0.0112,0.591,active_vs_baseline
0.0112,0.5912,active_vs_baseline
0.0112,0.592,active_vs_baseline
0.0112,0.5928,active_vs_baseline
0.0112,0.593,active_vs_baseline
0.0112,0.5932,active_vs_baseline
0.0112,0.5936,active_vs_baseline
0.0112,0.5938,active_vs_baseline
0.0112,0.594,active_vs_baseline
0.0112,0.5942,active_vs_baseline
0.0112,0.5944,active_vs_baseline
0.0112,0.5946,active_vs_baseline
0.0112,0.5948,active_vs_baseline
0.0112,0.595,active_vs_baseline
0.0114,0.5952,active_vs_baseline
0.0114,0.5954,active_vs_baseline
0.0114,0.5956,active_vs_baseline
0.0114,0.5958,active_vs_baseline
0.0116,0.5958,active_vs_baseline
0.0116,0.596,active_vs_baseline
0.0116,0.5962,active_vs_baseline
0.0116,0.5964,active_vs_baseline
0.0118,0.5964,active_vs_baseline
0.0118,0.5968,active_vs_baseline
0.0118,0.5972,active_vs_baseline
0.0118,0.5974,active_vs_baseline
0.0118,0.5976,active_vs_baseline
0.0118,0.598,active_vs_baseline
0.0118,0.5984,active_vs_baseline
0.0118,0.5986,active_vs_baseline
0.0118,0.5988,active_vs_baseline
0.0118,0.5992,active_vs_baseline
0.0118,0.5994,active_vs_baseline
0.0118,0.5996,active_vs_baseline
0.0118,0.5998,active_vs_baseline
0.0118,0.6,active_vs_baseline
0.0118,0.6002,active_vs_baseline
0.0118,0.6004,active_vs_baseline
0.0118,0.6006,active_vs_baseline
0.0118,0.6008,active_vs_baseline
0.0118,0.6012,active_vs_baseline
0.0118,0.6014,active_vs_baseline
0.0118,0.6016,active_vs_baseline
0.0118,0.6018,active_vs_baseline
0.0118,0.602,active_vs_baseline
0.0118,0.6022,active_vs_baseline
0.0118,0.6024,active_vs_baseline
0.0118,0.6026,active_vs_baseline
0.0118,0.6032,active_vs_baseline
0.0118,0.6034,active_vs_baseline
0.0118,0.6036,active_vs_baseline
0.0118,0.6038,active_vs_baseline
0.0118,0.604,active_vs_baseline
0.0118,0.6042,active_vs_baseline
0.0118,0.6044,active_vs_baseline
0.0118,0.6046,active_vs_baseline
0.0118,0.6048,active_vs_baseline
0.0118,0.605,active_vs_baseline
0.0118,0.6052,active_vs_baseline
0.012,0.6056,active_vs_baseline
0.012,0.6058,active_vs_baseline
0.012,0.606,active_vs_baseline
0.012,0.6062,active_vs_baseline
0.012,0.6064,active_vs_baseline
0.012,0.6066,active_vs_baseline
0.012,0.6072,active_vs_baseline
0.012,0.6074,active_vs_baseline
0.012,0.6076,active_vs_baseline
0.0122,0.6076,active_vs_baseline
0.0122,0.6078,active_vs_baseline
0.0122,0.608,active_vs_baseline
0.0122,0.6082,active_vs_baseline
0.0122,0.6084,active_vs_baseline
0.0122,0.609,active_vs_baseline
0.0122,0.6092,active_vs_baseline
0.0122,0.6094,active_vs_baseline
0.0122,0.6096,active_vs_baseline
0.0122,0.6098,active_vs_baseline
0.0122,0.61,active_vs_baseline
0.0122,0.6102,active_vs_baseline
0.0122,0.6104,active_vs_baseline
0.0122,0.6108,active_vs_baseline
0.0122,0.611,active_vs_baseline
0.0122,0.6112,active_vs_baseline
0.0124,0.6112,active_vs_baseline
0.0124,0.6114,active_vs_baseline
0.0124,0.6116,active_vs_baseline
0.0124,0.6118,active_vs_baseline
0.0124,0.612,active_vs_baseline
0.0124,0.6122,active_vs_baseline
0.0124,0.6128,active_vs_baseline
0.0124,0.6134,active_vs_baseline
0.0124,0.6136,active_vs_baseline
0.0124,0.6138,active_vs_baseline
0.0124,0.614,active_vs_baseline
0.0124,0.6142,active_vs_baseline
0.0124,0.6144,active_vs_baseline
0.0126,0.6144,active_vs_baseline
0.0128,0.6144,active_vs_baseline
0.0128,0.6146,active_vs_baseline
0.0128,0.6148,active_vs_baseline
0.0128,0.6152,active_vs_baseline
0.013,0.6152,active_vs_baseline
0.013,0.6154,active_vs_baseline
0.013,0.6158,active_vs_baseline
0.013,0.616,active_vs_baseline
0.013,0.6166,active_vs_baseline
0.013,0.6168,active_vs_baseline
0.013,0.617,active_vs_baseline
0.013,0.6172,active_vs_baseline
0.013,0.6174,active_vs_baseline
0.013,0.6176,active_vs_baseline
0.013,0.6178,active_vs_baseline
0.013,0.618,active_vs_baseline
0.013,0.6182,active_vs_baseline
0.013,0.6184,active_vs_baseline
0.013,0.6186,active_vs_baseline
0.013,0.6188,active_vs_baseline
0.013,0.619,active_vs_baseline
0.013,0.6192,active_vs_baseline
0.013,0.6194,active_vs_baseline
0.013,0.6196,active_vs_baseline
0.013,0.6198,active_vs_baseline
0.013,0.62,active_vs_baseline
0.013,0.6202,active_vs_baseline
0.013,0.6204,active_vs_baseline
0.013,0.6206,active_vs_baseline
0.0132,0.6206,active_vs_baseline
0.0134,0.6206,active_vs_baseline
0.0134,0.6208,active_vs_baseline
0.0134,0.621,active_vs_baseline
0.0134,0.6212,active_vs_baseline
0.0134,0.6214,active_vs_baseline
0.0134,0.6216,active_vs_baseline
0.0136,0.6218,active_vs_baseline
0.0136,0.622,active_vs_baseline
0.0136,0.6222,active_vs_baseline
0.0136,0.6224,active_vs_baseline
0.0138,0.6224,active_vs_baseline
0.0138,0.6226,active_vs_baseline
0.014,0.6226,active_vs_baseline
0.014,0.623,active_vs_baseline
0.014,0.6232,active_vs_baseline
0.014,0.6234,active_vs_baseline
0.014,0.6236,active_vs_baseline
0.014,0.6238,active_vs_baseline
0.014,0.624,active_vs_baseline
0.0142,0.6244,active_vs_baseline
0.0142,0.6248,active_vs_baseline
0.0142,0.625,active_vs_baseline
0.0142,0.6256,active_vs_baseline
0.0142,0.6258,active_vs_baseline
0.0142,0.6262,active_vs_baseline
0.0142,0.6264,active_vs_baseline
0.0142,0.6266,active_vs_baseline
0.0142,0.6268,active_vs_baseline
0.0142,0.627,active_vs_baseline
0.0142,0.6272,active_vs_baseline
0.0142,0.6274,active_vs_baseline
0.0146,0.6276,active_vs_baseline
0.0146,0.6278,active_vs_baseline
0.0146,0.628,active_vs_baseline
0.0146,0.6282,active_vs_baseline
0.0146,0.6284,active_vs_baseline
0.0148,0.6284,active_vs_baseline
0.0148,0.6286,active_vs_baseline
0.0148,0.6288,active_vs_baseline
0.0148,0.629,active_vs_baseline
0.0148,0.6292,active_vs_baseline
0.0148,0.6294,active_vs_baseline
0.0148,0.6296,active_vs_baseline
0.0148,0.6298,active_vs_baseline
0.0148,0.63,active_vs_baseline
0.0148,0.6302,active_vs_baseline
0.0148,0.6304,active_vs_baseline
0.0148,0.6306,active_vs_baseline
0.0148,0.6308,active_vs_baseline
0.0148,0.631,active_vs_baseline
0.0148,0.6312,active_vs_baseline
0.0148,0.6314,active_vs_baseline
0.0148,0.6316,active_vs_baseline
0.0148,0.6318,active_vs_baseline
0.0148,0.632,active_vs_baseline
0.0148,0.6322,active_vs_baseline
0.015,0.6322,active_vs_baseline
0.015,0.6326,active_vs_baseline
0.015,0.6328,active_vs_baseline
0.015,0.633,active_vs_baseline
0.015,0.6332,active_vs_baseline
0.015,0.6334,active_vs_baseline
0.015,0.6336,active_vs_baseline
0.015,0.6338,active_vs_baseline
0.015,0.634,active_vs_baseline
0.0152,0.634,active_vs_baseline
0.0152,0.6342,active_vs_baseline
0.0152,0.6344,active_vs_baseline
0.0152,0.6346,active_vs_baseline
0.0154,0.6348,active_vs_baseline
0.0154,0.635,active_vs_baseline
0.0154,0.6352,active_vs_baseline
0.0154,0.6354,active_vs_baseline
0.0154,0.6356,active_vs_baseline
0.0156,0.6358,active_vs_baseline
0.0156,0.636,active_vs_baseline
0.0156,0.6362,active_vs_baseline
0.0156,0.6364,active_vs_baseline
0.0156,0.6366,active_vs_baseline
0.0158,0.6366,active_vs_baseline
0.0158,0.6368,active_vs_baseline
0.0158,0.637,active_vs_baseline
0.0158,0.6372,active_vs_baseline
0.0158,0.6374,active_vs_baseline
0.0158,0.6378,active_vs_baseline
0.0158,0.638,active_vs_baseline
0.0158,0.6382,active_vs_baseline
0.0158,0.6384,active_vs_baseline
0.0158,0.6386,active_vs_baseline
0.0158,0.6388,active_vs_baseline
0.0158,0.639,active_vs_baseline
0.016,0.639,active_vs_baseline
0.016,0.6392,active_vs_baseline
0.016,0.6394,active_vs_baseline
0.016,0.6396,active_vs_baseline
0.016,0.64,active_vs_baseline
0.016,0.6402,active_vs_baseline
0.016,0.6404,active_vs_baseline
0.016,0.6406,active_vs_baseline
0.016,0.6408,active_vs_baseline
0.016,0.641,active_vs_baseline
0.016,0.6412,active_vs_baseline
0.016,0.6414,active_vs_baseline
0.016,0.6416,active_vs_baseline
0.016,0.642,active_vs_baseline
0.016,0.6422,active_vs_baseline
0.016,0.6424,active_vs_baseline
0.016,0.6426,active_vs_baseline
0.016,0.6428,active_vs_baseline
0.016,0.6434,active_vs_baseline
0.016,0.6436,active_vs_baseline
0.016,0.6438,active_vs_baseline
0.016,0.644,active_vs_baseline
0.016,0.6442,active_vs_baseline
0.016,0.6444,active_vs_baseline
0.0162,0.6444,active_vs_baseline
0.0162,0.6446,active_vs_baseline
0.0162,0.6448,active_vs_baseline
0.0162,0.645,active_vs_baseline
0.0162,0.6452,active_vs_baseline
0.0162,0.6454,active_vs_baseline
0.0162,0.6456,active_vs_baseline
0.0162,0.6458,active_vs_baseline
0.0162,0.646,active_vs_baseline
0.0162,0.6462,active_vs_baseline
0.0164,0.6462,active_vs_baseline
0.0164,0.6464,active_vs_baseline
0.0166,0.647,active_vs_baseline
0.0166,0.6472,active_vs_baseline
0.0166,0.6474,active_vs_baseline
0.0166,0.6476,active_vs_baseline
0.0168,0.6476,active_vs_baseline
0.0168,0.6478,active_vs_baseline
0.0168,0.648,active_vs_baseline
0.0168,0.6482,active_vs_baseline
0.0168,0.6484,active_vs_baseline
0.0168,0.6486,active_vs_baseline
0.0168,0.649,active_vs_baseline
0.0168,0.6492,active_vs_baseline
0.017,0.6492,active_vs_baseline
0.017,0.6494,active_vs_baseline
0.017,0.6496,active_vs_baseline
0.017,0.6498,active_vs_baseline
0.017,0.65,active_vs_baseline
0.017,0.6502,active_vs_baseline
0.017,0.6504,active_vs_baseline
0.017,0.6506,active_vs_baseline
0.017,0.6508,active_vs_baseline
0.017,0.651,active_vs_baseline
0.017,0.6512,active_vs_baseline
0.0172,0.6512,active_vs_baseline
0.0172,0.6514,active_vs_baseline
0.0172,0.6516,active_vs_baseline
0.0172,0.6518,active_vs_baseline
0.0172,0.652,active_vs_baseline
0.0172,0.6522,active_vs_baseline
0.0172,0.6528,active_vs_baseline
0.0172,0.653,active_vs_baseline
0.0172,0.6532,active_vs_baseline
0.0172,0.6534,active_vs_baseline
0.0172,0.6536,active_vs_baseline
0.0172,0.6538,active_vs_baseline
0.0172,0.654,active_vs_baseline
0.0172,0.6542,active_vs_baseline
0.0172,0.6544,active_vs_baseline
0.0172,0.6546,active_vs_baseline
0.0172,0.6548,active_vs_baseline
0.0172,0.655,active_vs_baseline
0.0172,0.6552,active_vs_baseline
0.0172,0.6554,active_vs_baseline
0.0172,0.6556,active_vs_baseline
0.0172,0.6558,active_vs_baseline
0.0172,0.656,active_vs_baseline
0.0172,0.6562,active_vs_baseline
0.0174,0.6564,active_vs_baseline
0.0174,0.6566,active_vs_baseline
0.0174,0.6568,active_vs_baseline
0.0176,0.6568,active_vs_baseline
0.0176,0.657,active_vs_baseline
0.0176,0.6572,active_vs_baseline
0.0176,0.6574,active_vs_baseline
0.0176,0.6578,active_vs_baseline
0.0176,0.6582,active_vs_baseline
0.0176,0.6584,active_vs_baseline
0.0176,0.6586,active_vs_baseline
0.0176,0.6588,active_vs_baseline
0.0176,0.659,active_vs_baseline
0.0176,0.6592,active_vs_baseline
0.0176,0.6594,active_vs_baseline
0.0176,0.6596,active_vs_baseline
0.0176,0.66,active_vs_baseline
0.0176,0.6602,active_vs_baseline
0.0176,0.6604,active_vs_baseline
0.0176,0.6606,active_vs_baseline
0.0178,0.6606,active_vs_baseline
0.0178,0.6608,active_vs_baseline
0.0178,0.661,active_vs_baseline
0.0178,0.6612,active_vs_baseline
0.0178,0.6614,active_vs_baseline
0.0178,0.6616,active_vs_baseline
0.0178,0.6618,active_vs_baseline
0.0178,0.6622,active_vs_baseline
0.0178,0.6624,active_vs_baseline
0.0178,0.6626,active_vs_baseline
0.0178,0.6628,active_vs_baseline
0.0178,0.663,active_vs_baseline
0.0178,0.6632,active_vs_baseline
0.018,0.6632,active_vs_baseline
0.018,0.6634,active_vs_baseline
0.018,0.6636,active_vs_baseline
0.018,0.6638,active_vs_baseline
0.018,0.664,active_vs_baseline
0.018,0.6642,active_vs_baseline
0.018,0.6644,active_vs_baseline
0.018,0.6646,active_vs_baseline
0.018,0.6648,active_vs_baseline
0.0182,0.6648,active_vs_baseline
0.0182,0.665,active_vs_baseline
0.0184,0.665,active_vs_baseline
0.0184,0.6652,active_vs_baseline
0.0184,0.6654,active_vs_baseline
0.0184,0.6658,active_vs_baseline
0.0184,0.666,active_vs_baseline
0.0184,0.6662,active_vs_baseline
0.0184,0.6666,active_vs_baseline
0.0184,0.6672,active_vs_baseline
0.0186,0.6672,active_vs_baseline
0.0186,0.6674,active_vs_baseline
0.0186,0.6676,active_vs_baseline
0.0186,0.6678,active_vs_baseline
0.0186,0.6682,active_vs_baseline
0.0186,0.6684,active_vs_baseline
0.0186,0.6686,active_vs_baseline
0.0186,0.6688,active_vs_baseline
0.0186,0.669,active_vs_baseline
0.0186,0.6692,active_vs_baseline
0.0186,0.6694,active_vs_baseline
0.0188,0.6694,active_vs_baseline
0.0188,0.6696,active_vs_baseline
0.0188,0.6698,active_vs_baseline
0.0188,0.67,active_vs_baseline
0.0188,0.6702,active_vs_baseline
0.0188,0.6704,active_vs_baseline
0.0188,0.6706,active_vs_baseline
0.0188,0.6708,active_vs_baseline
0.0188,0.671,active_vs_baseline
0.0188,0.6712,active_vs_baseline
0.0188,0.6714,active_vs_baseline
0.0188,0.6716,active_vs_baseline
0.0188,0.6718,active_vs_baseline
0.0188,0.672,active_vs_baseline
0.0188,0.6722,active_vs_baseline
0.0188,0.6724,active_vs_baseline
0.019,0.6726,active_vs_baseline
0.019,0.6732,active_vs_baseline
0.019,0.6734,active_vs_baseline
0.0192,0.6736,active_vs_baseline
0.0192,0.6738,active_vs_baseline
0.0192,0.6742,active_vs_baseline
0.0192,0.6744,active_vs_baseline
0.0192,0.6746,active_vs_baseline
0.0192,0.6748,active_vs_baseline
0.0194,0.6748,active_vs_baseline
0.0194,0.6752,active_vs_baseline
0.0194,0.6754,active_vs_baseline
0.0194,0.6756,active_vs_baseline
0.0194,0.6758,active_vs_baseline
0.0196,0.6758,active_vs_baseline
0.0196,0.676,active_vs_baseline
0.0196,0.6762,active_vs_baseline
0.0196,0.6764,active_vs_baseline
0.0196,0.6766,active_vs_baseline
0.0196,0.6768,active_vs_baseline
0.0196,0.677,active_vs_baseline
0.0198,0.6774,active_vs_baseline
0.0198,0.6778,active_vs_baseline
0.0198,0.678,active_vs_baseline
0.0198,0.6782,active_vs_baseline
0.0198,0.6784,active_vs_baseline
0.02,0.6784,active_vs_baseline
0.02,0.6786,active_vs_baseline
0.02,0.6788,active_vs_baseline
0.0202,0.6788,active_vs_baseline
0.0202,0.679,active_vs_baseline
0.0202,0.6792,active_vs_baseline
0.0202,0.6796,active_vs_baseline
0.0202,0.6798,active_vs_baseline
0.0202,0.68,active_vs_baseline
0.0202,0.6802,active_vs_baseline
0.0202,0.6808,active_vs_baseline
0.0202,0.681,active_vs_baseline
0.0202,0.6812,active_vs_baseline
0.0202,0.6814,active_vs_baseline
0.0202,0.6816,active_vs_baseline
0.0202,0.682,active_vs_baseline
0.0202,0.6822,active_vs_baseline
0.0202,0.6824,active_vs_baseline
0.0204,0.6824,active_vs_baseline
0.0204,0.6826,active_vs_baseline
0.0204,0.6828,active_vs_baseline
0.0204,0.683,active_vs_baseline
0.0204,0.6832,active_vs_baseline
0.0204,0.6834,active_vs_baseline
0.0206,0.6834,active_vs_baseline
0.0206,0.6836,active_vs_baseline
0.0206,0.6838,active_vs_baseline
0.0208,0.6838,active_vs_baseline
0.0208,0.684,active_vs_baseline
0.0208,0.6842,active_vs_baseline
0.0208,0.6844,active_vs_baseline
0.021,0.6844,active_vs_baseline
0.021,0.6846,active_vs_baseline
0.0212,0.6846,active_vs_baseline
0.0212,0.685,active_vs_baseline
0.0212,0.6852,active_vs_baseline
0.0212,0.6854,active_vs_baseline
0.0212,0.686,active_vs_baseline
0.0212,0.6862,active_vs_baseline
0.0212,0.6864,active_vs_baseline
0.0212,0.6866,active_vs_baseline
0.0212,0.6868,active_vs_baseline
0.0212,0.687,active_vs_baseline
0.0212,0.6872,active_vs_baseline
0.0212,0.6874,active_vs_baseline
0.0212,0.6876,active_vs_baseline
0.0212,0.6878,active_vs_baseline
0.0214,0.6878,active_vs_baseline
0.0214,0.688,active_vs_baseline
0.0214,0.6882,active_vs_baseline
0.0214,0.6884,active_vs_baseline
0.0214,0.6886,active_vs_baseline
0.0214,0.689,active_vs_baseline
0.0214,0.6892,active_vs_baseline
0.0214,0.6894,active_vs_baseline
0.0214,0.6896,active_vs_baseline
0.0214,0.6898,active_vs_baseline
0.0214,0.6902,active_vs_baseline
0.0214,0.6904,active_vs_baseline
0.0214,0.6906,active_vs_baseline
0.0214,0.6908,active_vs_baseline
0.0214,0.691,active_vs_baseline
0.0216,0.691,active_vs_baseline
0.0216,0.6912,active_vs_baseline
0.0216,0.6914,active_vs_baseline
0.0216,0.6916,active_vs_baseline
0.0216,0.6918,active_vs_baseline
0.0218,0.6922,active_vs_baseline
0.0218,0.6924,active_vs_baseline
0.0218,0.6926,active_vs_baseline
0.0218,0.6928,active_vs_baseline
0.0218,0.693,active_vs_baseline
0.0218,0.6932,active_vs_baseline
0.0218,0.6934,active_vs_baseline
0.0218,0.6936,active_vs_baseline
0.0218,0.6938,active_vs_baseline
0.0218,0.694,active_vs_baseline
0.0218,0.6942,active_vs_baseline
0.0218,0.6944,active_vs_baseline
0.0218,0.6948,active_vs_baseline
0.0218,0.695,active_vs_baseline
0.0218,0.6952,active_vs_baseline
0.0218,0.6954,active_vs_baseline
0.0218,0.6958,active_vs_baseline
0.0218,0.6962,active_vs_baseline
0.0218,0.6966,active_vs_baseline
0.0218,0.6968,active_vs_baseline
0.0218,0.697,active_vs_baseline
0.0218,0.6972,active_vs_baseline
0.0218,0.6974,active_vs_baseline
0.022,0.6974,active_vs_baseline
0.022,0.6976,active_vs_baseline
0.022,0.6978,active_vs_baseline
0.0222,0.6984,active_vs_baseline
0.0222,0.6986,active_vs_baseline
0.0222,0.699,active_vs_baseline
0.0222,0.6992,active_vs_baseline
0.0222,0.6994,active_vs_baseline
0.0222,0.6996,active_vs_baseline
0.0222,0.6998,active_vs_baseline
0.0222,0.7,active_vs_baseline
0.0222,0.7002,active_vs_baseline
0.0222,0.7004,active_vs_baseline
0.0222,0.7006,active_vs_baseline
0.0222,0.7008,active_vs_baseline
0.0222,0.701,active_vs_baseline
0.0224,0.701,active_vs_baseline
0.0224,0.7012,active_vs_baseline
0.0224,0.7014,active_vs_baseline
0.0224,0.7016,active_vs_baseline
0.0226,0.7016,active_vs_baseline
0.0226,0.7018,active_vs_baseline
0.0226,0.702,active_vs_baseline
0.0228,0.702,active_vs_baseline
0.0228,0.7022,active_vs_baseline
0.023,0.7022,active_vs_baseline
0.023,0.7024,active_vs_baseline
0.023,0.7026,active_vs_baseline
0.023,0.7028,active_vs_baseline
0.023,0.703,active_vs_baseline
0.023,0.7032,active_vs_baseline
0.023,0.7034,active_vs_baseline
0.023,0.7036,active_vs_baseline
0.0232,0.7036,active_vs_baseline
0.0232,0.7038,active_vs_baseline
0.0232,0.704,active_vs_baseline
0.0234,0.704,active_vs_baseline
0.0234,0.7042,active_vs_baseline
0.0234,0.7046,active_vs_baseline
0.0236,0.7046,active_vs_baseline
0.0236,0.7048,active_vs_baseline
0.0236,0.705,active_vs_baseline
0.0236,0.7052,active_vs_baseline
0.0236,0.7054,active_vs_baseline
0.0236,0.7058,active_vs_baseline
0.0236,0.7062,active_vs_baseline
0.0236,0.7064,active_vs_baseline
0.0236,0.707,active_vs_baseline
0.0238,0.707,active_vs_baseline
0.024,0.707,active_vs_baseline
0.024,0.7072,active_vs_baseline
0.024,0.7074,active_vs_baseline
0.024,0.7076,active_vs_baseline
0.024,0.7078,active_vs_baseline
0.024,0.708,active_vs_baseline
0.024,0.7082,active_vs_baseline
0.024,0.7084,active_vs_baseline
0.024,0.7086,active_vs_baseline
0.024,0.709,active_vs_baseline
0.0242,0.7092,active_vs_baseline
0.0244,0.7092,active_vs_baseline
0.0244,0.7096,active_vs_baseline
0.0244,0.7098,active_vs_baseline
0.0244,0.71,active_vs_baseline
0.0246,0.7102,active_vs_baseline
0.0246,0.7104,active_vs_baseline
0.0246,0.7106,active_vs_baseline
0.0246,0.7108,active_vs_baseline
0.0248,0.7108,active_vs_baseline
0.0248,0.711,active_vs_baseline
0.0248,0.7112,active_vs_baseline
0.0248,0.7114,active_vs_baseline
0.0248,0.7116,active_vs_baseline
0.0248,0.7118,active_vs_baseline
0.0248,0.712,active_vs_baseline
0.0248,0.7122,active_vs_baseline
0.0248,0.7124,active_vs_baseline
0.025,0.7124,active_vs_baseline
0.025,0.7126,active_vs_baseline
0.025,0.7128,active_vs_baseline
0.025,0.713,active_vs_baseline
0.025,0.7132,active_vs_baseline
0.025,0.7134,active_vs_baseline
0.025,0.7136,active_vs_baseline
0.0252,0.714,active_vs_baseline
0.0252,0.7142,active_vs_baseline
0.0254,0.7142,active_vs_baseline
0.0256,0.7142,active_vs_baseline
0.0256,0.7146,active_vs_baseline
0.0256,0.7148,active_vs_baseline
0.0256,0.715,active_vs_baseline
0.0256,0.7152,active_vs_baseline
0.0256,0.7154,active_vs_baseline
0.0256,0.7156,active_vs_baseline
0.0258,0.7156,active_vs_baseline
0.026,0.7156,active_vs_baseline
0.0262,0.7158,active_vs_baseline
0.0264,0.7158,active_vs_baseline
0.0266,0.7158,active_vs_baseline
0.0266,0.716,active_vs_baseline
0.0268,0.716,active_vs_baseline
0.0268,0.7162,active_vs_baseline
0.0268,0.717,active_vs_baseline
0.0268,0.7172,active_vs_baseline
0.0268,0.7174,active_vs_baseline
0.0268,0.7176,active_vs_baseline
0.0268,0.7178,active_vs_baseline
0.0268,0.718,active_vs_baseline
0.0268,0.7182,active_vs_baseline
0.0268,0.7184,active_vs_baseline
0.0268,0.7186,active_vs_baseline
0.0268,0.7188,active_vs_baseline
0.0268,0.719,active_vs_baseline
0.0268,0.7192,active_vs_baseline
0.0268,0.7194,active_vs_baseline
0.0268,0.7196,active_vs_baseline
0.0268,0.7198,active_vs_baseline
0.0268,0.72,active_vs_baseline
0.0268,0.7202,active_vs_baseline
0.0268,0.7208,active_vs_baseline
0.0268,0.721,active_vs_baseline
0.0268,0.7212,active_vs_baseline
0.0268,0.7214,active_vs_baseline
0.027,0.7214,active_vs_baseline
0.027,0.7218,active_vs_baseline
0.0272,0.7218,active_vs_baseline
0.0272,0.722,active_vs_baseline
0.0272,0.7222,active_vs_baseline
0.0272,0.7224,active_vs_baseline
0.0272,0.7226,active_vs_baseline
0.0272,0.7228,active_vs_baseline
0.0274,0.7228,active_vs_baseline
0.0274,0.723,active_vs_baseline
0.0274,0.7232,active_vs_baseline
0.0274,0.7234,active_vs_baseline
0.0274,0.7236,active_vs_baseline
0.0274,0.7238,active_vs_baseline
0.0274,0.724,active_vs_baseline
0.0274,0.7242,active_vs_baseline
0.0274,0.7244,active_vs_baseline
0.0274,0.7246,active_vs_baseline
0.0274,0.7248,active_vs_baseline
0.0274,0.725,active_vs_baseline
0.0274,0.7252,active_vs_baseline
0.0274,0.7254,active_vs_baseline
0.0274,0.7256,active_vs_baseline
0.0274,0.7258,active_vs_baseline
0.0274,0.726,active_vs_baseline
0.0274,0.7262,active_vs_baseline
0.0274,0.7264,active_vs_baseline
0.028,0.7264,active_vs_baseline
0.028,0.7266,active_vs_baseline
0.028,0.7268,active_vs_baseline
0.028,0.727,active_vs_baseline
0.0282,0.727,active_vs_baseline
0.0282,0.7272,active_vs_baseline
0.0282,0.7274,active_vs_baseline
0.0282,0.7276,active_vs_baseline
0.0282,0.7278,active_vs_baseline
0.0284,0.7278,active_vs_baseline
0.0284,0.728,active_vs_baseline
0.0284,0.7286,active_vs_baseline
0.0286,0.7286,active_vs_baseline
0.0286,0.7288,active_vs_baseline
0.0286,0.729,active_vs_baseline
0.0286,0.7292,active_vs_baseline
0.0288,0.7294,active_vs_baseline
0.029,0.7294,active_vs_baseline
0.029,0.7296,active_vs_baseline
0.029,0.73,active_vs_baseline
0.0292,0.73,active_vs_baseline
0.0292,0.7302,active_vs_baseline
0.0292,0.7304,active_vs_baseline
0.0292,0.7306,active_vs_baseline
0.0292,0.7308,active_vs_baseline
0.0294,0.7308,active_vs_baseline
0.0296,0.7308,active_vs_baseline
0.0296,0.731,active_vs_baseline
0.0296,0.7312,active_vs_baseline
0.0296,0.7314,active_vs_baseline
0.0296,0.7318,active_vs_baseline
0.0298,0.7318,active_vs_baseline
0.0298,0.732,active_vs_baseline
0.0298,0.7322,active_vs_baseline
0.03,0.7322,active_vs_baseline
0.03,0.7324,active_vs_baseline
0.03,0.7326,active_vs_baseline
0.03,0.7328,active_vs_baseline
0.0302,0.7332,active_vs_baseline
0.0302,0.7334,active_vs_baseline
0.0302,0.7336,active_vs_baseline
0.0302,0.7338,active_vs_baseline
0.0302,0.734,active_vs_baseline
0.0302,0.7342,active_vs_baseline
0.0302,0.7344,active_vs_baseline
0.0304,0.7344,active_vs_baseline
0.0306,0.7344,active_vs_baseline
0.0306,0.7346,active_vs_baseline
0.0308,0.7348,active_vs_baseline
0.031,0.7348,active_vs_baseline
0.031,0.735,active_vs_baseline
0.0312,0.735,active_vs_baseline
0.0314,0.735,active_vs_baseline
0.0316,0.735,active_vs_baseline
0.0318,0.7352,active_vs_baseline
0.032,0.7352,active_vs_baseline
0.0322,0.7352,active_vs_baseline
0.0322,0.7354,active_vs_baseline
0.0322,0.7356,active_vs_baseline
0.0322,0.7358,active_vs_baseline
0.0322,0.736,active_vs_baseline
0.0322,0.7362,active_vs_baseline
0.0322,0.7364,active_vs_baseline
0.0322,0.7366,active_vs_baseline
0.0322,0.7368,active_vs_baseline
0.0322,0.737,active_vs_baseline
0.0324,0.737,active_vs_baseline
0.0324,0.7372,active_vs_baseline
0.0324,0.7374,active_vs_baseline
0.0324,0.7376,active_vs_baseline
0.0326,0.738,active_vs_baseline
0.0326,0.7382,active_vs_baseline
0.0328,0.7382,active_vs_baseline
0.033,0.7382,active_vs_baseline
0.033,0.7384,active_vs_baseline
0.033,0.7386,active_vs_baseline
0.0332,0.7386,active_vs_baseline
0.0332,0.7388,active_vs_baseline
0.0332,0.7392,active_vs_baseline
0.0332,0.7394,active_vs_baseline
0.0334,0.7394,active_vs_baseline
0.0334,0.7396,active_vs_baseline
0.0336,0.7396,active_vs_baseline
0.0336,0.7398,active_vs_baseline
0.0338,0.7398,active_vs_baseline
0.0338,0.74,active_vs_baseline
0.0338,0.7402,active_vs_baseline
0.0338,0.7404,active_vs_baseline
0.034,0.7404,active_vs_baseline
0.034,0.7406,active_vs_baseline
0.034,0.7408,active_vs_baseline
0.034,0.741,active_vs_baseline
0.034,0.7412,active_vs_baseline
0.034,0.7414,active_vs_baseline
0.034,0.7416,active_vs_baseline
0.034,0.7418,active_vs_baseline
0.034,0.742,active_vs_baseline
0.034,0.7422,active_vs_baseline
0.034,0.7424,active_vs_baseline
0.034,0.7428,active_vs_baseline
0.0342,0.743,active_vs_baseline
0.0342,0.7432,active_vs_baseline
0.0342,0.7434,active_vs_baseline
0.0342,0.7436,active_vs_baseline
0.0342,0.7438,active_vs_baseline
0.0342,0.744,active_vs_baseline
0.0342,0.7442,active_vs_baseline
0.0344,0.7442,active_vs_baseline
0.0344,0.7444,active_vs_baseline
0.0346,0.7444,active_vs_baseline
0.0346,0.7446,active_vs_baseline
0.0348,0.7446,active_vs_baseline
0.035,0.7446,active_vs_baseline
0.035,0.7448,active_vs_baseline
0.035,0.745,active_vs_baseline
0.0352,0.745,active_vs_baseline
0.0352,0.7452,active_vs_baseline
0.0352,0.7454,active_vs_baseline
0.0354,0.7454,active_vs_baseline
0.0354,0.7456,active_vs_baseline
0.0354,0.7458,active_vs_baseline
0.0354,0.746,active_vs_baseline
0.0354,0.7462,active_vs_baseline
0.0358,0.7462,active_vs_baseline
0.036,0.7462,active_vs_baseline
0.036,0.7464,active_vs_baseline
0.036,0.747,active_vs_baseline
0.0362,0.747,active_vs_baseline
0.0362,0.7472,active_vs_baseline
0.0362,0.7474,active_vs_baseline
0.0362,0.7476,active_vs_baseline
0.0362,0.7478,active_vs_baseline
0.0362,0.748,active_vs_baseline
0.0362,0.7482,active_vs_baseline
0.0364,0.7482,active_vs_baseline
0.0364,0.7484,active_vs_baseline
0.0364,0.7486,active_vs_baseline
0.0364,0.7488,active_vs_baseline
0.0364,0.749,active_vs_baseline
0.0366,0.749,active_vs_baseline
0.0366,0.7492,active_vs_baseline
0.0368,0.7492,active_vs_baseline
0.037,0.7492,active_vs_baseline
0.037,0.7494,active_vs_baseline
0.037,0.7496,active_vs_baseline
0.037,0.7498,active_vs_baseline
0.037,0.75,active_vs_baseline
0.0374,0.7502,active_vs_baseline
0.0376,0.7502,active_vs_baseline
0.0376,0.7504,active_vs_baseline
0.0376,0.7506,active_vs_baseline
0.0378,0.7508,active_vs_baseline
0.0378,0.751,active_vs_baseline
0.038,0.7512,active_vs_baseline
0.038,0.7514,active_vs_baseline
0.0382,0.7514,active_vs_baseline
0.0384,0.7514,active_vs_baseline
0.0384,0.7516,active_vs_baseline
0.0384,0.752,active_vs_baseline
0.0386,0.7522,active_vs_baseline
0.0386,0.7524,active_vs_baseline
0.0386,0.7528,active_vs_baseline
0.0386,0.753,active_vs_baseline
0.0386,0.7532,active_vs_baseline
0.0386,0.7534,active_vs_baseline
0.0386,0.7536,active_vs_baseline
0.0386,0.7538,active_vs_baseline
0.0386,0.754,active_vs_baseline
0.0388,0.754,active_vs_baseline
0.0388,0.7542,active_vs_baseline
0.0388,0.7544,active_vs_baseline
0.0388,0.7546,active_vs_baseline
0.0388,0.7548,active_vs_baseline
0.0388,0.7552,active_vs_baseline
0.039,0.7552,active_vs_baseline
0.0392,0.7554,active_vs_baseline
0.0392,0.7556,active_vs_baseline
0.0394,0.756,active_vs_baseline
0.0394,0.7562,active_vs_baseline
0.0394,0.7566,active_vs_baseline
0.0394,0.7568,active_vs_baseline
0.0394,0.757,active_vs_baseline
0.0394,0.7572,active_vs_baseline
0.0394,0.7574,active_vs_baseline
0.0394,0.7576,active_vs_baseline
0.0394,0.7578,active_vs_baseline
0.0394,0.758,active_vs_baseline
0.0394,0.7582,active_vs_baseline
0.0394,0.7584,active_vs_baseline
0.0394,0.7586,active_vs_baseline
0.0394,0.759,active_vs_baseline
0.0394,0.7592,active_vs_baseline
0.0394,0.7594,active_vs_baseline
0.0394,0.7596,active_vs_baseline
0.0394,0.7598,active_vs_baseline
0.0394,0.76,active_vs_baseline
0.0394,0.7602,active_vs_baseline
0.0396,0.7604,active_vs_baseline
0.0396,0.7606,active_vs_baseline
0.0396,0.761,active_vs_baseline
0.0396,0.7614,active_vs_baseline
0.0398,0.7614,active_vs_baseline
0.0398,0.7616,active_vs_baseline
0.04,0.7618,active_vs_baseline
0.04,0.762,active_vs_baseline
0.04,0.7622,active_vs_baseline
0.0402,0.7622,active_vs_baseline
0.0404,0.7622,active_vs_baseline
0.0404,0.7624,active_vs_baseline
0.0404,0.7626,active_vs_baseline
0.0404,0.763,active_vs_baseline
0.0404,0.7632,active_vs_baseline
0.0404,0.7634,active_vs_baseline
0.0406,0.7634,active_vs_baseline
0.0406,0.7636,active_vs_baseline
0.0406,0.7638,active_vs_baseline
0.0406,0.764,active_vs_baseline
0.0408,0.764,active_vs_baseline
0.0408,0.7642,active_vs_baseline
0.0408,0.7644,active_vs_baseline
0.0408,0.7652,active_vs_baseline
0.0408,0.7654,active_vs_baseline
0.0408,0.7656,active_vs_baseline
0.041,0.7656,active_vs_baseline
0.041,0.7658,active_vs_baseline
0.0412,0.7658,active_vs_baseline
0.0412,0.766,active_vs_baseline
0.0412,0.7662,active_vs_baseline
0.0414,0.7662,active_vs_baseline
0.0414,0.7664,active_vs_baseline
0.0414,0.7666,active_vs_baseline
0.0414,0.7668,active_vs_baseline
0.0414,0.767,active_vs_baseline
0.0414,0.7674,active_vs_baseline
0.0414,0.768,active_vs_baseline
0.0414,0.7682,active_vs_baseline
0.0416,0.7682,active_vs_baseline
0.0416,0.7684,active_vs_baseline
0.0416,0.7686,active_vs_baseline
0.0418,0.7686,active_vs_baseline
0.0418,0.7688,active_vs_baseline
0.0418,0.7692,active_vs_baseline
0.042,0.7692,active_vs_baseline
0.0422,0.7692,active_vs_baseline
0.0422,0.7694,active_vs_baseline
0.0422,0.7696,active_vs_baseline
0.0422,0.77,active_vs_baseline
0.0422,0.7702,active_vs_baseline
0.0424,0.7706,active_vs_baseline
0.0426,0.7706,active_vs_baseline
0.0426,0.771,active_vs_baseline
0.0426,0.7714,active_vs_baseline
0.0426,0.7718,active_vs_baseline
0.0426,0.772,active_vs_baseline
0.0426,0.7722,active_vs_baseline
0.0426,0.7724,active_vs_baseline
0.0426,0.773,active_vs_baseline
0.0428,0.773,active_vs_baseline
0.0428,0.7732,active_vs_baseline
0.0428,0.7734,active_vs_baseline
0.0428,0.7736,active_vs_baseline
0.043,0.7738,active_vs_baseline
0.043,0.774,active_vs_baseline
0.0432,0.774,active_vs_baseline
0.0432,0.7742,active_vs_baseline
0.0432,0.7744,active_vs_baseline
0.0432,0.7746,active_vs_baseline
0.0432,0.7748,active_vs_baseline
0.0432,0.775,active_vs_baseline
0.0432,0.7752,active_vs_baseline
0.0434,0.7752,active_vs_baseline
0.0434,0.7754,active_vs_baseline
0.0436,0.7754,active_vs_baseline
0.0436,0.7756,active_vs_baseline
0.0436,0.7758,active_vs_baseline
0.0436,0.776,active_vs_baseline
0.0436,0.7762,active_vs_baseline
0.0436,0.7764,active_vs_baseline
0.0436,0.7766,active_vs_baseline
0.0436,0.7768,active_vs_baseline
0.0436,0.777,active_vs_baseline
0.0436,0.7772,active_vs_baseline
0.0436,0.7774,active_vs_baseline
0.0438,0.7774,active_vs_baseline
0.044,0.7774,active_vs_baseline
0.044,0.7776,active_vs_baseline
0.044,0.7778,active_vs_baseline
0.0442,0.7778,active_vs_baseline
0.0442,0.778,active_vs_baseline
0.0442,0.7782,active_vs_baseline
0.0444,0.7782,active_vs_baseline
0.0446,0.7782,active_vs_baseline
0.0446,0.7784,active_vs_baseline
0.0446,0.7786,active_vs_baseline
0.0446,0.7788,active_vs_baseline
0.0448,0.779,active_vs_baseline
0.0448,0.7792,active_vs_baseline
0.0448,0.7794,active_vs_baseline
0.045,0.7796,active_vs_baseline
0.045,0.7798,active_vs_baseline
0.045,0.7802,active_vs_baseline
0.045,0.7804,active_vs_baseline
0.045,0.7806,active_vs_baseline
0.0452,0.7806,active_vs_baseline
0.0452,0.7808,active_vs_baseline
0.0454,0.7808,active_vs_baseline
0.0454,0.781,active_vs_baseline
0.0456,0.781,active_vs_baseline
0.0456,0.7812,active_vs_baseline
0.0456,0.7814,active_vs_baseline
0.0458,0.7814,active_vs_baseline
0.046,0.7814,active_vs_baseline
0.046,0.7816,active_vs_baseline
0.046,0.7818,active_vs_baseline
0.046,0.782,active_vs_baseline
0.046,0.7822,active_vs_baseline
0.0462,0.7824,active_vs_baseline
0.0462,0.7826,active_vs_baseline
0.0462,0.7828,active_vs_baseline
0.0462,0.783,active_vs_baseline
0.0464,0.783,active_vs_baseline
0.0464,0.7832,active_vs_baseline
0.0464,0.7834,active_vs_baseline
0.0464,0.7836,active_vs_baseline
0.0464,0.784,active_vs_baseline
0.0464,0.7844,active_vs_baseline
0.0464,0.7846,active_vs_baseline
0.0464,0.7848,active_vs_baseline
0.0464,0.785,active_vs_baseline
0.0464,0.7852,active_vs_baseline
0.0464,0.7854,active_vs_baseline
0.0464,0.7856,active_vs_baseline
0.0464,0.786,active_vs_baseline
0.0466,0.786,active_vs_baseline
0.0466,0.7862,active_vs_baseline
0.0468,0.7862,active_vs_baseline
0.0468,0.7864,active_vs_baseline
0.0468,0.7866,active_vs_baseline
0.0468,0.7868,active_vs_baseline
0.0468,0.7872,active_vs_baseline
0.0468,0.7874,active_vs_baseline
0.047,0.7874,active_vs_baseline
0.0472,0.7874,active_vs_baseline
0.0474,0.7874,active_vs_baseline
0.0476,0.7874,active_vs_baseline
0.0476,0.7878,active_vs_baseline
0.0476,0.788,active_vs_baseline
0.0478,0.788,active_vs_baseline
0.0478,0.7882,active_vs_baseline
0.0478,0.7884,active_vs_baseline
0.0478,0.7886,active_vs_baseline
0.0478,0.7888,active_vs_baseline
0.0478,0.789,active_vs_baseline
0.048,0.789,active_vs_baseline
0.0482,0.789,active_vs_baseline
0.0484,0.789,active_vs_baseline
0.0486,0.789,active_vs_baseline
0.0488,0.789,active_vs_baseline
0.0488,0.7892,active_vs_baseline
0.0488,0.7894,active_vs_baseline
0.0488,0.7896,active_vs_baseline
0.049,0.7896,active_vs_baseline
0.049,0.7898,active_vs_baseline
0.049,0.79,active_vs_baseline
0.049,0.7902,active_vs_baseline
0.049,0.7904,active_vs_baseline
0.0492,0.7906,active_vs_baseline
0.0492,0.7908,active_vs_baseline
0.0492,0.791,active_vs_baseline
0.0492,0.7912,active_vs_baseline
0.0492,0.7914,active_vs_baseline
0.0492,0.7916,active_vs_baseline
0.0492,0.7918,active_vs_baseline
0.0492,0.792,active_vs_baseline
0.0492,0.7922,active_vs_baseline
0.0492,0.7924,active_vs_baseline
0.0494,0.7924,active_vs_baseline
0.0494,0.7926,active_vs_baseline
0.0494,0.7928,active_vs_baseline
0.0494,0.793,active_vs_baseline
0.0494,0.7932,active_vs_baseline
0.0496,0.7934,active_vs_baseline
0.0498,0.7934,active_vs_baseline
0.0498,0.7936,active_vs_baseline
0.05,0.7936,active_vs_baseline
0.0502,0.7936,active_vs_baseline
0.0502,0.7938,active_vs_baseline
0.0504,0.7938,active_vs_baseline
0.0504,0.794,active_vs_baseline
0.0504,0.7942,active_vs_baseline
0.0504,0.7944,active_vs_baseline
0.0504,0.7946,active_vs_baseline
0.0504,0.7948,active_vs_baseline
0.0504,0.795,active_vs_baseline
0.0504,0.7954,active_vs_baseline
0.0504,0.7956,active_vs_baseline
0.0508,0.7956,active_vs_baseline
0.0508,0.7958,active_vs_baseline
0.0508,0.796,active_vs_baseline
0.0508,0.7962,active_vs_baseline
0.0508,0.7964,active_vs_baseline
0.0508,0.7966,active_vs_baseline
0.051,0.7968,active_vs_baseline
0.051,0.797,active_vs_baseline
0.051,0.7972,active_vs_baseline
0.051,0.7974,active_vs_baseline
0.051,0.7976,active_vs_baseline
0.0512,0.7976,active_vs_baseline
0.0514,0.7976,active_vs_baseline
0.0514,0.7978,active_vs_baseline
0.0516,0.7978,active_vs_baseline
0.0518,0.7978,active_vs_baseline
0.0518,0.798,active_vs_baseline
0.0518,0.7982,active_vs_baseline
0.052,0.7982,active_vs_baseline
0.052,0.7984,active_vs_baseline
0.0522,0.7984,active_vs_baseline
0.0522,0.7986,active_vs_baseline
0.0524,0.7986,active_vs_baseline
0.0524,0.7988,active_vs_baseline
0.0524,0.799,active_vs_baseline
0.0524,0.7992,active_vs_baseline
0.0526,0.7992,active_vs_baseline
0.0528,0.7992,active_vs_baseline
0.0528,0.7996,active_vs_baseline
0.0528,0.7998,active_vs_baseline
0.0528,0.8,active_vs_baseline
0.0528,0.8002,active_vs_baseline
0.0528,0.8004,active_vs_baseline
0.053,0.8008,active_vs_baseline
0.053,0.801,active_vs_baseline
0.053,0.8012,active_vs_baseline
0.0532,0.8014,active_vs_baseline
0.0532,0.8016,active_vs_baseline
0.0532,0.8018,active_vs_baseline
0.0534,0.802,active_vs_baseline
0.0534,0.8022,active_vs_baseline
0.0536,0.8024,active_vs_baseline
0.0538,0.8024,active_vs_baseline
0.0538,0.8026,active_vs_baseline
0.0538,0.8028,active_vs_baseline
0.054,0.8028,active_vs_baseline
0.0542,0.8028,active_vs_baseline
0.0544,0.8028,active_vs_baseline
0.0544,0.803,active_vs_baseline
0.0544,0.8032,active_vs_baseline
0.0544,0.8034,active_vs_baseline
0.0544,0.8036,active_vs_baseline
0.0546,0.8036,active_vs_baseline
0.0546,0.8038,active_vs_baseline
0.0548,0.8038,active_vs_baseline
0.0548,0.804,active_vs_baseline
0.055,0.804,active_vs_baseline
0.055,0.8042,active_vs_baseline
0.0552,0.8042,active_vs_baseline
0.0552,0.8044,active_vs_baseline
0.0552,0.8046,active_vs_baseline
0.0552,0.8048,active_vs_baseline
0.0552,0.805,active_vs_baseline
0.0552,0.8052,active_vs_baseline
0.0554,0.8052,active_vs_baseline
0.0554,0.8054,active_vs_baseline
0.0554,0.8056,active_vs_baseline
0.0554,0.8058,active_vs_baseline
0.0556,0.8058,active_vs_baseline
0.0558,0.8058,active_vs_baseline
0.0558,0.806,active_vs_baseline
0.056,0.806,active_vs_baseline
0.056,0.8062,active_vs_baseline
0.0562,0.8062,active_vs_baseline
0.0562,0.8064,active_vs_baseline
0.0562,0.8066,active_vs_baseline
0.0562,0.8068,active_vs_baseline
0.0562,0.807,active_vs_baseline
0.0564,0.807,active_vs_baseline
0.0564,0.8072,active_vs_baseline
0.0564,0.8074,active_vs_baseline
0.0566,0.8074,active_vs_baseline
0.0566,0.8076,active_vs_baseline
0.0566,0.8078,active_vs_baseline
0.0568,0.8078,active_vs_baseline
0.0572,0.8082,active_vs_baseline
0.0572,0.8084,active_vs_baseline
0.0574,0.8084,active_vs_baseline
0.0576,0.8084,active_vs_baseline
0.0576,0.8086,active_vs_baseline
0.0576,0.8088,active_vs_baseline
0.0576,0.809,active_vs_baseline
0.0576,0.8092,active_vs_baseline
0.0578,0.8092,active_vs_baseline
0.058,0.8094,active_vs_baseline
0.058,0.8096,active_vs_baseline
0.058,0.8098,active_vs_baseline
0.058,0.81,active_vs_baseline
0.058,0.8102,active_vs_baseline
0.058,0.8104,active_vs_baseline
0.058,0.8106,active_vs_baseline
0.058,0.8108,active_vs_baseline
0.058,0.811,active_vs_baseline
0.0582,0.811,active_vs_baseline
0.0584,0.811,active_vs_baseline
0.0586,0.811,active_vs_baseline
0.0586,0.8112,active_vs_baseline
0.0588,0.8112,active_vs_baseline
0.059,0.8112,active_vs_baseline
0.059,0.8114,active_vs_baseline
0.059,0.8116,active_vs_baseline
0.059,0.8118,active_vs_baseline
0.0592,0.8118,active_vs_baseline
0.0592,0.812,active_vs_baseline
0.0592,0.8122,active_vs_baseline
0.0592,0.8124,active_vs_baseline
0.0594,0.8124,active_vs_baseline
0.0596,0.8124,active_vs_baseline
0.0596,0.8126,active_vs_baseline
0.0596,0.8128,active_vs_baseline
0.0596,0.813,active_vs_baseline
0.0596,0.8132,active_vs_baseline
0.0598,0.8132,active_vs_baseline
0.0598,0.8134,active_vs_baseline
0.0598,0.8136,active_vs_baseline
0.06,0.8136,active_vs_baseline
0.06,0.8138,active_vs_baseline
0.06,0.814,active_vs_baseline
0.06,0.8142,active_vs_baseline
0.06,0.8144,active_vs_baseline
0.06,0.8146,active_vs_baseline
0.0602,0.8146,active_vs_baseline
0.0602,0.8148,active_vs_baseline
0.0602,0.815,active_vs_baseline
0.0602,0.8152,active_vs_baseline
0.0602,0.8154,active_vs_baseline
0.0602,0.8156,active_vs_baseline
0.0602,0.8158,active_vs_baseline
0.0604,0.8158,active_vs_baseline
0.0604,0.816,active_vs_baseline
0.0604,0.8162,active_vs_baseline
0.0604,0.8164,active_vs_baseline
0.0604,0.8166,active_vs_baseline
0.0604,0.8168,active_vs_baseline
0.0604,0.817,active_vs_baseline
0.0606,0.817,active_vs_baseline
0.0606,0.8172,active_vs_baseline
0.0606,0.8174,active_vs_baseline
0.0606,0.8176,active_vs_baseline
0.0606,0.8178,active_vs_baseline
0.0606,0.818,active_vs_baseline
0.0608,0.818,active_vs_baseline
0.061,0.8182,active_vs_baseline
0.061,0.8184,active_vs_baseline
0.061,0.8186,active_vs_baseline
0.0612,0.8186,active_vs_baseline
0.0614,0.8186,active_vs_baseline
0.0616,0.8188,active_vs_baseline
0.0618,0.8188,active_vs_baseline
0.062,0.8188,active_vs_baseline
0.0622,0.8188,active_vs_baseline
0.0624,0.8188,active_vs_baseline
0.0626,0.8188,active_vs_baseline
0.0626,0.819,active_vs_baseline
0.0628,0.819,active_vs_baseline
0.0628,0.8192,active_vs_baseline
0.0628,0.8194,active_vs_baseline
0.063,0.8194,active_vs_baseline
0.063,0.8196,active_vs_baseline
0.063,0.8198,active_vs_baseline
0.063,0.82,active_vs_baseline
0.063,0.8202,active_vs_baseline
0.063,0.8204,active_vs_baseline
0.063,0.8206,active_vs_baseline
0.0632,0.8206,active_vs_baseline
0.0634,0.8206,active_vs_baseline
0.0634,0.8208,active_vs_baseline
0.0636,0.8208,active_vs_baseline
0.0636,0.821,active_vs_baseline
0.0636,0.8212,active_vs_baseline
0.0638,0.8212,active_vs_baseline
0.0638,0.8214,active_vs_baseline
0.0638,0.8216,active_vs_baseline
0.0638,0.8218,active_vs_baseline
0.0638,0.822,active_vs_baseline
0.0638,0.8222,active_vs_baseline
0.0638,0.8224,active_vs_baseline
0.064,0.8224,active_vs_baseline
0.064,0.8226,active_vs_baseline
0.064,0.8228,active_vs_baseline
0.064,0.823,active_vs_baseline
0.064,0.8232,active_vs_baseline
0.064,0.8234,active_vs_baseline
0.064,0.8236,active_vs_baseline
0.064,0.8238,active_vs_baseline
0.064,0.824,active_vs_baseline
0.064,0.8242,active_vs_baseline
0.064,0.8244,active_vs_baseline
0.064,0.8246,active_vs_baseline
0.064,0.8252,active_vs_baseline
0.064,0.8254,active_vs_baseline
0.064,0.8256,active_vs_baseline
0.0642,0.8256,active_vs_baseline
0.0644,0.8256,active_vs_baseline
0.0644,0.8258,active_vs_baseline
0.0644,0.826,active_vs_baseline
0.0644,0.8262,active_vs_baseline
0.0644,0.8264,active_vs_baseline
0.0644,0.8266,active_vs_baseline
0.0646,0.8266,active_vs_baseline
0.0646,0.8268,active_vs_baseline
0.0648,0.8268,active_vs_baseline
0.0648,0.827,active_vs_baseline
0.0648,0.8272,active_vs_baseline
0.0648,0.8274,active_vs_baseline
0.0648,0.8276,active_vs_baseline
0.0648,0.8278,active_vs_baseline
0.065,0.8278,active_vs_baseline
0.065,0.828,active_vs_baseline
0.065,0.8282,active_vs_baseline
0.0652,0.8282,active_vs_baseline
0.0654,0.8282,active_vs_baseline
0.0654,0.8284,active_vs_baseline
0.0656,0.8284,active_vs_baseline
0.0658,0.8284,active_vs_baseline
0.0658,0.8286,active_vs_baseline
0.0658,0.8288,active_vs_baseline
0.0658,0.829,active_vs_baseline
0.066,0.829,active_vs_baseline
0.066,0.8292,active_vs_baseline
0.0662,0.8292,active_vs_baseline
0.0662,0.8294,active_vs_baseline
0.0662,0.8296,active_vs_baseline
0.0664,0.8296,active_vs_baseline
0.0664,0.8298,active_vs_baseline
0.0666,0.8298,active_vs_baseline
0.0666,0.83,active_vs_baseline
0.0666,0.8302,active_vs_baseline
0.0668,0.8302,active_vs_baseline
0.0668,0.8304,active_vs_baseline
0.0668,0.8306,active_vs_baseline
0.0668,0.8308,active_vs_baseline
0.0668,0.831,active_vs_baseline
0.067,0.831,active_vs_baseline
0.067,0.8312,active_vs_baseline
0.067,0.8316,active_vs_baseline
0.0672,0.8316,active_vs_baseline
0.0672,0.8318,active_vs_baseline
0.0672,0.832,active_vs_baseline
0.0672,0.8322,active_vs_baseline
0.0672,0.8324,active_vs_baseline
0.0672,0.8326,active_vs_baseline
0.0674,0.8326,active_vs_baseline
0.0676,0.8326,active_vs_baseline
0.0678,0.8326,active_vs_baseline
0.0678,0.8328,active_vs_baseline
0.0678,0.833,active_vs_baseline
0.0678,0.8332,active_vs_baseline
0.068,0.8332,active_vs_baseline
0.068,0.8334,active_vs_baseline
0.068,0.8336,active_vs_baseline
0.068,0.8338,active_vs_baseline
0.0682,0.8338,active_vs_baseline
0.0684,0.8338,active_vs_baseline
0.0686,0.8338,active_vs_baseline
0.0688,0.8338,active_vs_baseline
0.0688,0.834,active_vs_baseline
0.069,0.834,active_vs_baseline
0.0692,0.834,active_vs_baseline
0.0692,0.8342,active_vs_baseline
0.0694,0.8344,active_vs_baseline
0.0694,0.8346,active_vs_baseline
0.0694,0.8348,active_vs_baseline
0.0694,0.835,active_vs_baseline
0.0696,0.835,active_vs_baseline
0.0696,0.8354,active_vs_baseline
0.0696,0.8356,active_vs_baseline
0.0698,0.8356,active_vs_baseline
0.0698,0.8358,active_vs_baseline
0.07,0.836,active_vs_baseline
0.0702,0.836,active_vs_baseline
0.0704,0.836,active_vs_baseline
0.0704,0.8362,active_vs_baseline
0.0704,0.8364,active_vs_baseline
0.0704,0.8366,active_vs_baseline
0.0704,0.8368,active_vs_baseline
0.0706,0.8368,active_vs_baseline
0.0706,0.837,active_vs_baseline
0.0708,0.837,active_vs_baseline
0.0708,0.8372,active_vs_baseline
0.0708,0.8376,active_vs_baseline
0.0708,0.8378,active_vs_baseline
0.0708,0.838,active_vs_baseline
0.071,0.838,active_vs_baseline
0.0712,0.838,active_vs_baseline
0.0712,0.8382,active_vs_baseline
0.0712,0.8384,active_vs_baseline
0.0712,0.8386,active_vs_baseline
0.0714,0.8386,active_vs_baseline
0.0714,0.8388,active_vs_baseline
0.0716,0.8388,active_vs_baseline
0.0716,0.839,active_vs_baseline
0.0716,0.8392,active_vs_baseline
0.0716,0.8394,active_vs_baseline
0.0716,0.8396,active_vs_baseline
0.0718,0.8396,active_vs_baseline
0.072,0.8396,active_vs_baseline
0.072,0.8398,active_vs_baseline
0.072,0.84,active_vs_baseline
0.0722,0.84,active_vs_baseline
0.0722,0.8402,active_vs_baseline
0.0722,0.8404,active_vs_baseline
0.0722,0.8406,active_vs_baseline
0.0724,0.8408,active_vs_baseline
0.0726,0.8408,active_vs_baseline
0.0728,0.8408,active_vs_baseline
0.0728,0.841,active_vs_baseline
0.073,0.841,active_vs_baseline
0.0732,0.841,active_vs_baseline
0.0732,0.8412,active_vs_baseline
0.0732,0.8414,active_vs_baseline
0.0732,0.8416,active_vs_baseline
0.0732,0.8418,active_vs_baseline
0.0734,0.8418,active_vs_baseline
0.0734,0.842,active_vs_baseline
0.0736,0.842,active_vs_baseline
0.0736,0.8422,active_vs_baseline
0.0736,0.8424,active_vs_baseline
0.0738,0.8424,active_vs_baseline
0.0738,0.8426,active_vs_baseline
0.0738,0.8428,active_vs_baseline
0.0738,0.843,active_vs_baseline
0.074,0.843,active_vs_baseline
0.074,0.8432,active_vs_baseline
0.074,0.8434,active_vs_baseline
0.0742,0.8434,active_vs_baseline
0.0744,0.8434,active_vs_baseline
0.0744,0.8436,active_vs_baseline
0.0744,0.8438,active_vs_baseline
0.0744,0.844,active_vs_baseline
0.0744,0.8442,active_vs_baseline
0.0746,0.8442,active_vs_baseline
0.0746,0.8444,active_vs_baseline
0.0748,0.8444,active_vs_baseline
0.075,0.8444,active_vs_baseline
0.0752,0.8444,active_vs_baseline
0.0754,0.8444,active_vs_baseline
0.0754,0.8446,active_vs_baseline
0.0754,0.8448,active_vs_baseline
0.0754,0.845,active_vs_baseline
0.0754,0.8452,active_vs_baseline
0.0754,0.8454,active_vs_baseline
0.0754,0.8456,active_vs_baseline
0.0756,0.8456,active_vs_baseline
0.0758,0.8456,active_vs_baseline
0.0758,0.8458,active_vs_baseline
0.0758,0.846,active_vs_baseline
0.0758,0.8462,active_vs_baseline
0.076,0.8462,active_vs_baseline
0.076,0.8464,active_vs_baseline
0.076,0.8466,active_vs_baseline
0.076,0.8468,active_vs_baseline
0.0762,0.8468,active_vs_baseline
0.0764,0.8468,active_vs_baseline
0.0764,0.847,active_vs_baseline
0.0764,0.8472,active_vs_baseline
0.0766,0.8472,active_vs_baseline
0.0766,0.8474,active_vs_baseline
0.0766,0.8476,active_vs_baseline
0.0766,0.8478,active_vs_baseline
0.0768,0.8478,active_vs_baseline
0.077,0.8478,active_vs_baseline
0.0772,0.8478,active_vs_baseline
0.0772,0.848,active_vs_baseline
0.0772,0.8482,active_vs_baseline
0.0774,0.8482,active_vs_baseline
0.0776,0.8482,active_vs_baseline
0.0778,0.8482,active_vs_baseline
0.078,0.8484,active_vs_baseline
0.078,0.8486,active_vs_baseline
0.0782,0.8486,active_vs_baseline
0.0782,0.8488,active_vs_baseline
0.0782,0.849,active_vs_baseline
0.0782,0.8492,active_vs_baseline
0.0782,0.8494,active_vs_baseline
0.0782,0.8496,active_vs_baseline
0.0784,0.8496,active_vs_baseline
0.0784,0.8498,active_vs_baseline
0.0784,0.85,active_vs_baseline
0.0786,0.85,active_vs_baseline
0.0786,0.8502,active_vs_baseline
0.079,0.8502,active_vs_baseline
0.079,0.8504,active_vs_baseline
0.0792,0.8504,active_vs_baseline
0.0792,0.8506,active_vs_baseline
0.0796,0.8506,active_vs_baseline
0.0796,0.8508,active_vs_baseline
0.0796,0.851,active_vs_baseline
0.0796,0.8512,active_vs_baseline
0.0798,0.8512,active_vs_baseline
0.0798,0.8514,active_vs_baseline
0.08,0.8514,active_vs_baseline
0.0802,0.8514,active_vs_baseline
0.0806,0.8514,active_vs_baseline
0.0806,0.8516,active_vs_baseline
0.0806,0.8518,active_vs_baseline
0.0808,0.8518,active_vs_baseline
0.081,0.8518,active_vs_baseline
0.081,0.852,active_vs_baseline
0.081,0.8522,active_vs_baseline
0.081,0.8524,active_vs_baseline
0.081,0.8526,active_vs_baseline
0.0812,0.8526,active_vs_baseline
0.0812,0.8528,active_vs_baseline
0.0812,0.853,active_vs_baseline
0.0812,0.8532,active_vs_baseline
0.0814,0.8534,active_vs_baseline
0.0814,0.8536,active_vs_baseline
0.0816,0.8536,active_vs_baseline
0.0816,0.8538,active_vs_baseline
0.0816,0.854,active_vs_baseline
0.0816,0.8542,active_vs_baseline
0.0816,0.8544,active_vs_baseline
0.0818,0.8544,active_vs_baseline
0.082,0.8544,active_vs_baseline
0.082,0.8546,active_vs_baseline
0.0822,0.8546,active_vs_baseline
0.0822,0.8548,active_vs_baseline
0.0824,0.8548,active_vs_baseline
0.0826,0.8548,active_vs_baseline
0.0828,0.8548,active_vs_baseline
0.083,0.855,active_vs_baseline
0.0832,0.855,active_vs_baseline
0.0832,0.8552,active_vs_baseline
0.0834,0.8552,active_vs_baseline
0.0834,0.8554,active_vs_baseline
0.0836,0.8554,active_vs_baseline
0.0838,0.8554,active_vs_baseline
0.084,0.8554,active_vs_baseline
0.0842,0.8554,active_vs_baseline
0.0844,0.8554,active_vs_baseline
0.0846,0.8554,active_vs_baseline
0.0846,0.8556,active_vs_baseline
0.0846,0.8558,active_vs_baseline
0.0848,0.8558,active_vs_baseline
0.085,0.8558,active_vs_baseline
0.0852,0.8558,active_vs_baseline
0.0854,0.8558,active_vs_baseline
0.0854,0.856,active_vs_baseline
0.0854,0.8562,active_vs_baseline
0.0856,0.8562,active_vs_baseline
0.0856,0.8568,active_vs_baseline
0.0856,0.857,active_vs_baseline
0.0856,0.8572,active_vs_baseline
0.0856,0.8574,active_vs_baseline
0.0856,0.8576,active_vs_baseline
0.0856,0.8578,active_vs_baseline
0.0856,0.858,active_vs_baseline
0.0856,0.8582,active_vs_baseline
0.0856,0.8584,active_vs_baseline
0.0856,0.8586,active_vs_baseline
0.0856,0.8588,active_vs_baseline
0.0858,0.8588,active_vs_baseline
0.086,0.8588,active_vs_baseline
0.086,0.859,active_vs_baseline
0.086,0.8592,active_vs_baseline
0.0862,0.8592,active_vs_baseline
0.0862,0.8594,active_vs_baseline
0.0864,0.8594,active_vs_baseline
0.0866,0.8594,active_vs_baseline
0.0868,0.8596,active_vs_baseline
0.0868,0.8598,active_vs_baseline
0.087,0.8598,active_vs_baseline
0.087,0.86,active_vs_baseline
0.087,0.8602,active_vs_baseline
0.087,0.8604,active_vs_baseline
0.087,0.8606,active_vs_baseline
0.0872,0.8606,active_vs_baseline
0.0872,0.8608,active_vs_baseline
0.0874,0.8608,active_vs_baseline
0.0874,0.861,active_vs_baseline
0.0876,0.861,active_vs_baseline
0.0876,0.8612,active_vs_baseline
0.0876,0.8614,active_vs_baseline
0.0878,0.8614,active_vs_baseline
0.088,0.8614,active_vs_baseline
0.088,0.8616,active_vs_baseline
0.0882,0.8616,active_vs_baseline
0.0882,0.8618,active_vs_baseline
0.0882,0.862,active_vs_baseline
0.0882,0.8622,active_vs_baseline
0.0882,0.8624,active_vs_baseline
0.0886,0.8624,active_vs_baseline
0.0886,0.8626,active_vs_baseline
0.0888,0.8626,active_vs_baseline
0.0888,0.8628,active_vs_baseline
0.0888,0.863,active_vs_baseline
0.0888,0.8632,active_vs_baseline
0.0888,0.8634,active_vs_baseline
0.089,0.8634,active_vs_baseline
0.089,0.8636,active_vs_baseline
0.0892,0.8636,active_vs_baseline
0.0894,0.8636,active_vs_baseline
0.0894,0.8638,active_vs_baseline
0.0896,0.8638,active_vs_baseline
0.0898,0.8638,active_vs_baseline
0.09,0.8638,active_vs_baseline
0.09,0.864,active_vs_baseline
0.09,0.8642,active_vs_baseline
0.0902,0.8642,active_vs_baseline
0.0904,0.8642,active_vs_baseline
0.0904,0.8644,active_vs_baseline
0.0906,0.8644,active_vs_baseline
0.0906,0.8646,active_vs_baseline
0.0908,0.8648,active_vs_baseline
0.091,0.8648,active_vs_baseline
0.0912,0.8648,active_vs_baseline
0.0914,0.8648,active_vs_baseline
0.0914,0.8652,active_vs_baseline
0.0914,0.8654,active_vs_baseline
0.0916,0.8654,active_vs_baseline
0.0916,0.8656,active_vs_baseline
0.0918,0.8656,active_vs_baseline
0.0918,0.8658,active_vs_baseline
0.092,0.8658,active_vs_baseline
0.0922,0.8658,active_vs_baseline
0.0922,0.866,active_vs_baseline
0.0924,0.866,active_vs_baseline
0.0924,0.8662,active_vs_baseline
0.0924,0.8664,active_vs_baseline
0.0924,0.8666,active_vs_baseline
0.0924,0.8668,active_vs_baseline
0.0926,0.8668,active_vs_baseline
0.0928,0.8668,active_vs_baseline
0.093,0.8668,active_vs_baseline
0.0932,0.8668,active_vs_baseline
0.0934,0.8668,active_vs_baseline
0.0934,0.867,active_vs_baseline
0.0934,0.8672,active_vs_baseline
0.0936,0.8672,active_vs_baseline
0.0938,0.8672,active_vs_baseline
0.0938,0.8674,active_vs_baseline
0.0938,0.8676,active_vs_baseline
0.0938,0.8678,active_vs_baseline
0.0938,0.868,active_vs_baseline
0.0938,0.8682,active_vs_baseline
0.094,0.8682,active_vs_baseline
0.094,0.8684,active_vs_baseline
0.094,0.8686,active_vs_baseline
0.094,0.8688,active_vs_baseline
0.094,0.869,active_vs_baseline
0.0942,0.869,active_vs_baseline
0.0942,0.8692,active_vs_baseline
0.0944,0.8692,active_vs_baseline
0.0944,0.8694,active_vs_baseline
0.0946,0.8694,active_vs_baseline
0.0946,0.8696,active_vs_baseline
0.0946,0.8698,active_vs_baseline
0.0948,0.8698,active_vs_baseline
0.0948,0.87,active_vs_baseline
0.0948,0.8702,active_vs_baseline
0.0948,0.8704,active_vs_baseline
0.095,0.8704,active_vs_baseline
0.0952,0.8704,active_vs_baseline
0.0954,0.8704,active_vs_baseline
0.0956,0.8706,active_vs_baseline
0.0956,0.8708,active_vs_baseline
0.0958,0.8708,active_vs_baseline
0.096,0.8708,active_vs_baseline
0.096,0.871,active_vs_baseline
0.0962,0.871,active_vs_baseline
0.0964,0.871,active_vs_baseline
0.0966,0.871,active_vs_baseline
0.0968,0.871,active_vs_baseline
0.0968,0.8712,active_vs_baseline
0.0968,0.8714,active_vs_baseline
0.097,0.8714,active_vs_baseline
0.0972,0.8714,active_vs_baseline
0.0972,0.8716,active_vs_baseline
0.0972,0.8718,active_vs_baseline
0.0974,0.8718,active_vs_baseline
0.0976,0.8718,active_vs_baseline
0.0978,0.8718,active_vs_baseline
0.0978,0.872,active_vs_baseline
0.0978,0.8722,active_vs_baseline
0.098,0.8722,active_vs_baseline
0.0982,0.8724,active_vs_baseline
0.0982,0.8726,active_vs_baseline
0.0982,0.8728,active_vs_baseline
0.0984,0.8728,active_vs_baseline
0.0986,0.8728,active_vs_baseline
0.0988,0.8728,active_vs_baseline
0.099,0.8728,active_vs_baseline
0.0992,0.8728,active_vs_baseline
0.0992,0.873,active_vs_baseline
0.0992,0.8732,active_vs_baseline
0.0992,0.8734,active_vs_baseline
0.0994,0.8734,active_vs_baseline
0.0996,0.8734,active_vs_baseline
0.0998,0.8736,active_vs_baseline
0.1,0.8736,active_vs_baseline
0.1,0.8738,active_vs_baseline
0.1002,0.8738,active_vs_baseline
0.1002,0.874,active_vs_baseline
0.1002,0.8742,active_vs_baseline
0.1004,0.8742,active_vs_baseline
0.1006,0.8742,active_vs_baseline
0.1006,0.8744,active_vs_baseline
0.1008,0.8744,active_vs_baseline
0.1008,0.8746,active_vs_baseline
0.1008,0.8748,active_vs_baseline
0.1008,0.875,active_vs_baseline
0.101,0.875,active_vs_baseline
0.101,0.8752,active_vs_baseline
0.101,0.8756,active_vs_baseline
0.1012,0.8756,active_vs_baseline
0.1012,0.8758,active_vs_baseline
0.1014,0.8758,active_vs_baseline
0.1014,0.876,active_vs_baseline
0.1014,0.8762,active_vs_baseline
0.1014,0.8764,active_vs_baseline
0.1016,0.8764,active_vs_baseline
0.1016,0.8766,active_vs_baseline
0.1018,0.8766,active_vs_baseline
0.1018,0.8768,active_vs_baseline
0.102,0.8768,active_vs_baseline
0.1022,0.8768,active_vs_baseline
0.1024,0.8768,active_vs_baseline
0.1024,0.877,active_vs_baseline
0.1024,0.8772,active_vs_baseline
0.1024,0.8774,active_vs_baseline
0.1024,0.8776,active_vs_baseline
0.1026,0.8776,active_vs_baseline
0.1028,0.8776,active_vs_baseline
0.1028,0.8778,active_vs_baseline
0.103,0.8778,active_vs_baseline
0.103,0.878,active_vs_baseline
0.1032,0.878,active_vs_baseline
0.1034,0.878,active_vs_baseline
0.1034,0.8782,active_vs_baseline
0.1034,0.8784,active_vs_baseline
0.1036,0.8784,active_vs_baseline
0.1038,0.8786,active_vs_baseline
0.104,0.8786,active_vs_baseline
0.104,0.8788,active_vs_baseline
0.1042,0.8788,active_vs_baseline
0.1042,0.879,active_vs_baseline
0.1042,0.8792,active_vs_baseline
0.1042,0.8794,active_vs_baseline
0.1044,0.8794,active_vs_baseline
0.1044,0.8796,active_vs_baseline
0.1044,0.8798,active_vs_baseline
0.1044,0.88,active_vs_baseline
0.1046,0.88,active_vs_baseline
0.1046,0.8802,active_vs_baseline
0.1046,0.8804,active_vs_baseline
0.1048,0.8804,active_vs_baseline
0.1048,0.8806,active_vs_baseline
0.1048,0.8808,active_vs_baseline
0.1048,0.881,active_vs_baseline
0.105,0.881,active_vs_baseline
0.1056,0.881,active_vs_baseline
0.1058,0.881,active_vs_baseline
0.1058,0.8812,active_vs_baseline
0.106,0.8812,active_vs_baseline
0.1062,0.8812,active_vs_baseline
0.1062,0.8814,active_vs_baseline
0.1064,0.8814,active_vs_baseline
0.1066,0.8814,active_vs_baseline
0.1066,0.8816,active_vs_baseline
0.1068,0.8816,active_vs_baseline
0.1068,0.8818,active_vs_baseline
0.107,0.8818,active_vs_baseline
0.1072,0.8818,active_vs_baseline
0.1074,0.8818,active_vs_baseline
0.1076,0.8818,active_vs_baseline
0.1078,0.8818,active_vs_baseline
0.1078,0.882,active_vs_baseline
0.108,0.882,active_vs_baseline
0.108,0.8822,active_vs_baseline
0.1082,0.8822,active_vs_baseline
0.1084,0.8822,active_vs_baseline
0.1086,0.8822,active_vs_baseline
0.1086,0.8824,active_vs_baseline
0.1088,0.8824,active_vs_baseline
0.109,0.8824,active_vs_baseline
0.1092,0.8826,active_vs_baseline
0.1094,0.8826,active_vs_baseline
0.1094,0.8828,active_vs_baseline
0.1094,0.8832,active_vs_baseline
0.1094,0.8834,active_vs_baseline
0.1096,0.8834,active_vs_baseline
0.1096,0.8836,active_vs_baseline
0.1098,0.8836,active_vs_baseline
0.1098,0.8838,active_vs_baseline
0.1098,0.884,active_vs_baseline
0.11,0.884,active_vs_baseline
0.1102,0.884,active_vs_baseline
0.1102,0.8842,active_vs_baseline
0.1104,0.8842,active_vs_baseline
0.1104,0.8844,active_vs_baseline
0.1104,0.8846,active_vs_baseline
0.1104,0.8848,active_vs_baseline
0.1106,0.8848,active_vs_baseline
0.1106,0.885,active_vs_baseline
0.1108,0.885,active_vs_baseline
0.1108,0.8852,active_vs_baseline
0.1108,0.8854,active_vs_baseline
0.1108,0.8856,active_vs_baseline
0.111,0.8856,active_vs_baseline
0.1112,0.8856,active_vs_baseline
0.1112,0.8858,active_vs_baseline
0.1112,0.886,active_vs_baseline
0.1112,0.8862,active_vs_baseline
0.1114,0.8862,active_vs_baseline
0.1116,0.8862,active_vs_baseline
0.1118,0.8862,active_vs_baseline
0.1118,0.8864,active_vs_baseline
0.1118,0.8866,active_vs_baseline
0.112,0.8866,active_vs_baseline
0.1122,0.8866,active_vs_baseline
0.1124,0.8866,active_vs_baseline
0.1124,0.8868,active_vs_baseline
0.1126,0.8868,active_vs_baseline
0.1128,0.8868,active_vs_baseline
0.1128,0.887,active_vs_baseline
0.113,0.887,active_vs_baseline
0.1132,0.887,active_vs_baseline
0.1138,0.887,active_vs_baseline
0.114,0.887,active_vs_baseline
0.1142,0.887,active_vs_baseline
0.1144,0.887,active_vs_baseline
0.1144,0.8872,active_vs_baseline
0.1146,0.8872,active_vs_baseline
0.1146,0.8874,active_vs_baseline
0.1148,0.8874,active_vs_baseline
0.115,0.8874,active_vs_baseline
0.1152,0.8874,active_vs_baseline
0.1152,0.8876,active_vs_baseline
0.1152,0.8878,active_vs_baseline
0.1154,0.8878,active_vs_baseline
0.1156,0.8878,active_vs_baseline
0.1156,0.888,active_vs_baseline
0.1156,0.8882,active_vs_baseline
0.1156,0.8884,active_vs_baseline
0.1158,0.8884,active_vs_baseline
0.1158,0.8888,active_vs_baseline
0.1158,0.889,active_vs_baseline
0.1158,0.8892,active_vs_baseline
0.1158,0.8894,active_vs_baseline
0.1158,0.8896,active_vs_baseline
0.116,0.8896,active_vs_baseline
0.116,0.8898,active_vs_baseline
0.1162,0.8898,active_vs_baseline
0.1164,0.8898,active_vs_baseline
0.1164,0.89,active_vs_baseline
0.1164,0.8902,active_vs_baseline
0.1166,0.8904,active_vs_baseline
0.1166,0.8906,active_vs_baseline
0.1166,0.8908,active_vs_baseline
0.1166,0.891,active_vs_baseline
0.1166,0.8912,active_vs_baseline
0.1166,0.8914,active_vs_baseline
0.1168,0.8914,active_vs_baseline
0.1168,0.8916,active_vs_baseline
0.117,0.8916,active_vs_baseline
0.1172,0.8918,active_vs_baseline
0.1176,0.8918,active_vs_baseline
0.1178,0.8918,active_vs_baseline
0.118,0.8918,active_vs_baseline
0.1182,0.8918,active_vs_baseline
0.1182,0.892,active_vs_baseline
0.1182,0.8922,active_vs_baseline
0.1184,0.8922,active_vs_baseline
0.1186,0.8922,active_vs_baseline
0.1186,0.8924,active_vs_baseline
0.1188,0.8924,active_vs_baseline
0.1188,0.8926,active_vs_baseline
0.119,0.8926,active_vs_baseline
0.119,0.8928,active_vs_baseline
0.1192,0.8928,active_vs_baseline
0.1194,0.8928,active_vs_baseline
0.1194,0.893,active_vs_baseline
0.1194,0.8932,active_vs_baseline
0.1196,0.8932,active_vs_baseline
0.1196,0.8934,active_vs_baseline
0.1198,0.8934,active_vs_baseline
0.1198,0.8936,active_vs_baseline
0.1198,0.8938,active_vs_baseline
0.12,0.8938,active_vs_baseline
0.12,0.894,active_vs_baseline
0.12,0.8942,active_vs_baseline
0.1202,0.8942,active_vs_baseline
0.1202,0.8944,active_vs_baseline
0.1202,0.8946,active_vs_baseline
0.1202,0.8948,active_vs_baseline
0.1204,0.8948,active_vs_baseline
0.1206,0.8948,active_vs_baseline
0.1208,0.8948,active_vs_baseline
0.1208,0.895,active_vs_baseline
0.121,0.895,active_vs_baseline
0.1212,0.895,active_vs_baseline
0.1214,0.895,active_vs_baseline
0.1216,0.895,active_vs_baseline
0.1218,0.895,active_vs_baseline
0.122,0.895,active_vs_baseline
0.122,0.8952,active_vs_baseline
0.122,0.8954,active_vs_baseline
0.1222,0.8956,active_vs_baseline
0.1222,0.8958,active_vs_baseline
0.1222,0.896,active_vs_baseline
0.1224,0.896,active_vs_baseline
0.1226,0.896,active_vs_baseline
0.1228,0.896,active_vs_baseline
0.123,0.896,active_vs_baseline
0.123,0.8962,active_vs_baseline
0.1232,0.8962,active_vs_baseline
0.1232,0.8964,active_vs_baseline
0.1234,0.8964,active_vs_baseline
0.1236,0.8966,active_vs_baseline
0.1238,0.8966,active_vs_baseline
0.1238,0.8968,active_vs_baseline
0.124,0.8968,active_vs_baseline
0.1242,0.8968,active_vs_baseline
0.1242,0.897,active_vs_baseline
0.1244,0.897,active_vs_baseline
0.1244,0.8972,active_vs_baseline
0.1246,0.8972,active_vs_baseline
0.1246,0.8974,active_vs_baseline
0.1246,0.8976,active_vs_baseline
0.1248,0.8976,active_vs_baseline
0.1248,0.8978,active_vs_baseline
0.1248,0.898,active_vs_baseline
0.125,0.898,active_vs_baseline
0.1252,0.898,active_vs_baseline
0.1252,0.8982,active_vs_baseline
0.1254,0.8982,active_vs_baseline
0.1254,0.8984,active_vs_baseline
0.1256,0.8984,active_vs_baseline
0.1258,0.8986,active_vs_baseline
0.126,0.8986,active_vs_baseline
0.1262,0.8986,active_vs_baseline
0.1262,0.8988,active_vs_baseline
0.1262,0.899,active_vs_baseline
0.1262,0.8992,active_vs_baseline
0.1262,0.8994,active_vs_baseline
0.1264,0.8994,active_vs_baseline
0.1264,0.8996,active_vs_baseline
0.1264,0.8998,active_vs_baseline
0.1264,0.9,active_vs_baseline
0.1264,0.9002,active_vs_baseline
0.1264,0.9004,active_vs_baseline
0.1266,0.9004,active_vs_baseline
0.1268,0.9004,active_vs_baseline
0.1268,0.9006,active_vs_baseline
0.127,0.9006,active_vs_baseline
0.1272,0.9006,active_vs_baseline
0.1274,0.9006,active_vs_baseline
0.1276,0.9006,active_vs_baseline
0.1278,0.9006,active_vs_baseline
0.1278,0.9008,active_vs_baseline
0.1278,0.901,active_vs_baseline
0.1278,0.9012,active_vs_baseline
0.1278,0.9014,active_vs_baseline
0.128,0.9014,active_vs_baseline
0.1282,0.9014,active_vs_baseline
0.1284,0.9014,active_vs_baseline
0.1284,0.9016,active_vs_baseline
0.1288,0.9018,active_vs_baseline
0.129,0.9018,active_vs_baseline
0.1292,0.9018,active_vs_baseline
0.1294,0.9018,active_vs_baseline
0.1296,0.9018,active_vs_baseline
0.1298,0.9018,active_vs_baseline
0.13,0.9018,active_vs_baseline
0.13,0.902,active_vs_baseline
0.1302,0.9022,active_vs_baseline
0.1304,0.9024,active_vs_baseline
0.1306,0.9024,active_vs_baseline
0.1306,0.9026,active_vs_baseline
0.1306,0.9028,active_vs_baseline
0.1308,0.9028,active_vs_baseline
0.131,0.9028,active_vs_baseline
0.1312,0.9032,active_vs_baseline
0.1314,0.9032,active_vs_baseline
0.1316,0.9032,active_vs_baseline
0.132,0.9036,active_vs_baseline
0.1322,0.9036,active_vs_baseline
0.1324,0.9036,active_vs_baseline
0.1326,0.9036,active_vs_baseline
0.1326,0.9038,active_vs_baseline
0.1328,0.9038,active_vs_baseline
0.133,0.9038,active_vs_baseline
0.133,0.904,active_vs_baseline
0.1332,0.904,active_vs_baseline
0.1332,0.9042,active_vs_baseline
0.1332,0.9044,active_vs_baseline
0.1332,0.9048,active_vs_baseline
0.1334,0.9048,active_vs_baseline
0.1336,0.9048,active_vs_baseline
0.1338,0.905,active_vs_baseline
0.134,0.905,active_vs_baseline
0.1342,0.905,active_vs_baseline
0.1344,0.905,active_vs_baseline
0.1346,0.905,active_vs_baseline
0.1346,0.9052,active_vs_baseline
0.1348,0.9052,active_vs_baseline
0.135,0.9052,active_vs_baseline
0.1352,0.9052,active_vs_baseline
0.1354,0.9052,active_vs_baseline
0.1356,0.9052,active_vs_baseline
0.1358,0.9052,active_vs_baseline
0.136,0.9052,active_vs_baseline
0.1362,0.9052,active_vs_baseline
0.1364,0.9052,active_vs_baseline
0.1364,0.9054,active_vs_baseline
0.1366,0.9054,active_vs_baseline
0.1366,0.9056,active_vs_baseline
0.1368,0.9056,active_vs_baseline
0.137,0.9056,active_vs_baseline
0.137,0.9058,active_vs_baseline
0.137,0.906,active_vs_baseline
0.1372,0.906,active_vs_baseline
0.1372,0.9062,active_vs_baseline
0.1374,0.9062,active_vs_baseline
0.1374,0.9064,active_vs_baseline
0.1376,0.9064,active_vs_baseline
0.1376,0.9066,active_vs_baseline
0.1378,0.9066,active_vs_baseline
0.1378,0.9068,active_vs_baseline
0.1378,0.907,active_vs_baseline
0.1378,0.9072,active_vs_baseline
0.138,0.9072,active_vs_baseline
0.1382,0.9072,active_vs_baseline
0.1384,0.9072,active_vs_baseline
0.1384,0.9074,active_vs_baseline
0.1386,0.9076,active_vs_baseline
0.1388,0.9076,active_vs_baseline
0.1388,0.9078,active_vs_baseline
0.139,0.9078,active_vs_baseline
0.1392,0.9078,active_vs_baseline
0.1394,0.9078,active_vs_baseline
0.1396,0.908,active_vs_baseline
0.1396,0.9082,active_vs_baseline
0.1398,0.9082,active_vs_baseline
0.1398,0.9084,active_vs_baseline
0.14,0.9084,active_vs_baseline
0.14,0.9086,active_vs_baseline
0.1402,0.9086,active_vs_baseline
0.1404,0.9086,active_vs_baseline
0.1406,0.9086,active_vs_baseline
0.1406,0.9088,active_vs_baseline
0.1406,0.909,active_vs_baseline
0.1408,0.909,active_vs_baseline
0.1408,0.9092,active_vs_baseline
0.1408,0.9094,active_vs_baseline
0.141,0.9094,active_vs_baseline
0.1412,0.9096,active_vs_baseline
0.1414,0.9096,active_vs_baseline
0.1416,0.9096,active_vs_baseline
0.1418,0.91,active_vs_baseline
0.142,0.91,active_vs_baseline
0.1422,0.91,active_vs_baseline
0.1422,0.9102,active_vs_baseline
0.1424,0.9102,active_vs_baseline
0.1424,0.9104,active_vs_baseline
0.1426,0.9104,active_vs_baseline
0.1428,0.9104,active_vs_baseline
0.1428,0.9106,active_vs_baseline
0.1428,0.9108,active_vs_baseline
0.143,0.9108,active_vs_baseline
0.143,0.9112,active_vs_baseline
0.1432,0.9112,active_vs_baseline
0.1434,0.9112,active_vs_baseline
0.1436,0.9112,active_vs_baseline
0.1438,0.9112,active_vs_baseline
0.144,0.9112,active_vs_baseline
0.1442,0.9112,active_vs_baseline
0.1446,0.9112,active_vs_baseline
0.1446,0.9114,active_vs_baseline
0.1448,0.9114,active_vs_baseline
0.1448,0.9116,active_vs_baseline
0.1448,0.9118,active_vs_baseline
0.145,0.9118,active_vs_baseline
0.1452,0.9118,active_vs_baseline
0.1452,0.912,active_vs_baseline
0.1452,0.9122,active_vs_baseline
0.1454,0.9122,active_vs_baseline
0.1456,0.9122,active_vs_baseline
0.1458,0.9122,active_vs_baseline
0.146,0.9122,active_vs_baseline
0.146,0.9124,active_vs_baseline
0.146,0.9126,active_vs_baseline
0.146,0.9128,active_vs_baseline
0.1462,0.9128,active_vs_baseline
0.1462,0.913,active_vs_baseline
0.1462,0.9132,active_vs_baseline
0.1462,0.9134,active_vs_baseline
0.1464,0.9134,active_vs_baseline
0.1466,0.9134,active_vs_baseline
0.1466,0.9136,active_vs_baseline
0.1466,0.9138,active_vs_baseline
0.1468,0.9138,active_vs_baseline
0.1468,0.914,active_vs_baseline
0.147,0.914,active_vs_baseline
0.1472,0.914,active_vs_baseline
0.1474,0.9142,active_vs_baseline
0.1474,0.9146,active_vs_baseline
0.1476,0.9146,active_vs_baseline
0.1476,0.9148,active_vs_baseline
0.1478,0.9148,active_vs_baseline
0.1478,0.915,active_vs_baseline
0.1478,0.9152,active_vs_baseline
0.148,0.9152,active_vs_baseline
0.1482,0.9152,active_vs_baseline
0.1482,0.9154,active_vs_baseline
0.1484,0.9154,active_vs_baseline
0.1486,0.9154,active_vs_baseline
0.1488,0.9154,active_vs_baseline
0.149,0.9154,active_vs_baseline
0.1492,0.9154,active_vs_baseline
0.1492,0.9156,active_vs_baseline
0.1494,0.9156,active_vs_baseline
0.1494,0.916,active_vs_baseline
0.1496,0.916,active_vs_baseline
0.1498,0.916,active_vs_baseline
0.15,0.916,active_vs_baseline
0.15,0.9162,active_vs_baseline
0.15,0.9164,active_vs_baseline
0.1502,0.9164,active_vs_baseline
0.1502,0.9166,active_vs_baseline
0.1504,0.9166,active_vs_baseline
0.1504,0.9168,active_vs_baseline
0.1506,0.917,active_vs_baseline
0.1506,0.9174,active_vs_baseline
0.1508,0.9174,active_vs_baseline
0.151,0.9174,active_vs_baseline
0.151,0.9176,active_vs_baseline
0.1512,0.9176,active_vs_baseline
0.1514,0.9176,active_vs_baseline
0.1514,0.918,active_vs_baseline
0.1516,0.918,active_vs_baseline
0.1518,0.918,active_vs_baseline
0.152,0.918,active_vs_baseline
0.152,0.9182,active_vs_baseline
0.1522,0.9182,active_vs_baseline
0.1524,0.9182,active_vs_baseline
0.1526,0.9182,active_vs_baseline
0.1528,0.9182,active_vs_baseline
0.153,0.9182,active_vs_baseline
0.153,0.9184,active_vs_baseline
0.1532,0.9186,active_vs_baseline
0.1534,0.9186,active_vs_baseline
0.1536,0.9186,active_vs_baseline
0.1538,0.9188,active_vs_baseline
0.154,0.9188,active_vs_baseline
0.1542,0.9188,active_vs_baseline
0.1544,0.9188,active_vs_baseline
0.1544,0.919,active_vs_baseline
0.1546,0.919,active_vs_baseline
0.1548,0.919,active_vs_baseline
0.1554,0.919,active_vs_baseline
0.1556,0.919,active_vs_baseline
0.1558,0.919,active_vs_baseline
0.156,0.919,active_vs_baseline
0.156,0.9192,active_vs_baseline
0.1562,0.9192,active_vs_baseline
0.1564,0.9192,active_vs_baseline
0.157,0.9192,active_vs_baseline
0.1572,0.9192,active_vs_baseline
0.1574,0.9192,active_vs_baseline
0.1574,0.9194,active_vs_baseline
0.1576,0.9194,active_vs_baseline
0.1576,0.9196,active_vs_baseline
0.1578,0.9196,active_vs_baseline
0.158,0.9196,active_vs_baseline
0.1582,0.9196,active_vs_baseline
0.1582,0.9198,active_vs_baseline
0.1582,0.92,active_vs_baseline
0.1584,0.92,active_vs_baseline
0.1584,0.9202,active_vs_baseline
0.1584,0.9204,active_vs_baseline
0.1586,0.9204,active_vs_baseline
0.1586,0.9206,active_vs_baseline
0.1588,0.9206,active_vs_baseline
0.159,0.9206,active_vs_baseline
0.1592,0.9206,active_vs_baseline
0.1592,0.9208,active_vs_baseline
0.1592,0.921,active_vs_baseline
0.1594,0.921,active_vs_baseline
0.1594,0.9212,active_vs_baseline
0.1596,0.9212,active_vs_baseline
0.16,0.9212,active_vs_baseline
0.1602,0.9212,active_vs_baseline
0.1602,0.9214,active_vs_baseline
0.1602,0.9216,active_vs_baseline
0.1604,0.9216,active_vs_baseline
0.1604,0.9218,active_vs_baseline
0.1604,0.922,active_vs_baseline
0.1606,0.922,active_vs_baseline
0.1608,0.922,active_vs_baseline
0.161,0.922,active_vs_baseline
0.1612,0.922,active_vs_baseline
0.1614,0.922,active_vs_baseline
0.1616,0.922,active_vs_baseline
0.1616,0.9222,active_vs_baseline
0.1618,0.9222,active_vs_baseline
0.162,0.9222,active_vs_baseline
0.162,0.9224,active_vs_baseline
0.1622,0.9224,active_vs_baseline
0.1624,0.9224,active_vs_baseline
0.1626,0.9224,active_vs_baseline
0.1628,0.9224,active_vs_baseline
0.163,0.9224,active_vs_baseline
0.163,0.9226,active_vs_baseline
0.163,0.9228,active_vs_baseline
0.1632,0.9228,active_vs_baseline
0.1634,0.9228,active_vs_baseline
0.1636,0.9228,active_vs_baseline
0.1638,0.9228,active_vs_baseline
0.164,0.9228,active_vs_baseline
0.1646,0.9228,active_vs_baseline
0.1646,0.923,active_vs_baseline
0.1646,0.9232,active_vs_baseline
0.1646,0.9234,active_vs_baseline
0.1648,0.9234,active_vs_baseline
0.1648,0.9236,active_vs_baseline
0.165,0.9236,active_vs_baseline
0.165,0.9238,active_vs_baseline
0.1652,0.9238,active_vs_baseline
0.1654,0.9238,active_vs_baseline
0.1654,0.924,active_vs_baseline
0.1656,0.924,active_vs_baseline
0.1658,0.924,active_vs_baseline
0.166,0.924,active_vs_baseline
0.166,0.9242,active_vs_baseline
0.1662,0.9242,active_vs_baseline
0.1662,0.9244,active_vs_baseline
0.1664,0.9244,active_vs_baseline
0.1666,0.9244,active_vs_baseline
0.1668,0.9244,active_vs_baseline
0.167,0.9244,active_vs_baseline
0.1672,0.9244,active_vs_baseline
0.1674,0.9244,active_vs_baseline
0.1676,0.9244,active_vs_baseline
0.1678,0.9244,active_vs_baseline
0.1678,0.9246,active_vs_baseline
0.168,0.9246,active_vs_baseline
0.1682,0.9246,active_vs_baseline
0.1684,0.9248,active_vs_baseline
0.1686,0.9248,active_vs_baseline
0.1688,0.9248,active_vs_baseline
0.169,0.9248,active_vs_baseline
0.1692,0.925,active_vs_baseline
0.1696,0.9254,active_vs_baseline
0.1698,0.9254,active_vs_baseline
0.1698,0.9256,active_vs_baseline
0.1702,0.9256,active_vs_baseline
0.1704,0.9256,active_vs_baseline
0.1706,0.9256,active_vs_baseline
0.1708,0.9256,active_vs_baseline
0.171,0.9256,active_vs_baseline
0.1714,0.9256,active_vs_baseline
0.1716,0.9256,active_vs_baseline
0.1718,0.9256,active_vs_baseline
0.172,0.9256,active_vs_baseline
0.1722,0.9256,active_vs_baseline
0.1724,0.9256,active_vs_baseline
0.1724,0.9258,active_vs_baseline
0.1726,0.9258,active_vs_baseline
0.1728,0.9258,active_vs_baseline
0.1728,0.926,active_vs_baseline
0.173,0.926,active_vs_baseline
0.173,0.9262,active_vs_baseline
0.1732,0.9262,active_vs_baseline
0.1734,0.9262,active_vs_baseline
0.1736,0.9262,active_vs_baseline
0.174,0.9262,active_vs_baseline
0.1742,0.9262,active_vs_baseline
0.1744,0.9262,active_vs_baseline
0.1746,0.9262,active_vs_baseline
0.1748,0.9262,active_vs_baseline
0.1748,0.9264,active_vs_baseline
0.175,0.9264,active_vs_baseline
0.175,0.9266,active_vs_baseline
0.175,0.9268,active_vs_baseline
0.1752,0.9268,active_vs_baseline
0.1754,0.9268,active_vs_baseline
0.1754,0.927,active_vs_baseline
0.1756,0.927,active_vs_baseline
0.1758,0.927,active_vs_baseline
0.176,0.927,active_vs_baseline
0.176,0.9272,active_vs_baseline
0.1762,0.9272,active_vs_baseline
0.1764,0.9272,active_vs_baseline
0.1764,0.9274,active_vs_baseline
0.1766,0.9274,active_vs_baseline
0.1768,0.9274,active_vs_baseline
0.1768,0.9276,active_vs_baseline
0.1772,0.9276,active_vs_baseline
0.1774,0.9276,active_vs_baseline
0.1776,0.9276,active_vs_baseline
0.1776,0.9278,active_vs_baseline
0.1776,0.928,active_vs_baseline
0.1778,0.928,active_vs_baseline
0.1778,0.9282,active_vs_baseline
0.178,0.9286,active_vs_baseline
0.1782,0.9286,active_vs_baseline
0.1786,0.9286,active_vs_baseline
0.1788,0.9286,active_vs_baseline
0.179,0.9286,active_vs_baseline
0.1792,0.9286,active_vs_baseline
0.1794,0.9288,active_vs_baseline
0.1796,0.9288,active_vs_baseline
0.1796,0.929,active_vs_baseline
0.1796,0.9292,active_vs_baseline
0.1798,0.9292,active_vs_baseline
0.1798,0.9294,active_vs_baseline
0.18,0.9294,active_vs_baseline
0.1802,0.9294,active_vs_baseline
0.1804,0.9294,active_vs_baseline
0.1806,0.9294,active_vs_baseline
0.1806,0.9296,active_vs_baseline
0.1808,0.9296,active_vs_baseline
0.181,0.9296,active_vs_baseline
0.1814,0.9296,active_vs_baseline
0.1816,0.9296,active_vs_baseline
0.1818,0.9296,active_vs_baseline
0.182,0.9296,active_vs_baseline
0.182,0.9298,active_vs_baseline
0.182,0.93,active_vs_baseline
0.1822,0.93,active_vs_baseline
0.1828,0.93,active_vs_baseline
0.183,0.93,active_vs_baseline
0.183,0.9302,active_vs_baseline
0.1832,0.9302,active_vs_baseline
0.1834,0.9302,active_vs_baseline
0.1836,0.9302,active_vs_baseline
0.1838,0.9304,active_vs_baseline
0.184,0.9304,active_vs_baseline
0.1842,0.9304,active_vs_baseline
0.1844,0.9304,active_vs_baseline
0.1846,0.9304,active_vs_baseline
0.1848,0.9304,active_vs_baseline
0.1848,0.9306,active_vs_baseline
0.185,0.9306,active_vs_baseline
0.1852,0.9306,active_vs_baseline
0.1852,0.9308,active_vs_baseline
0.1854,0.931,active_vs_baseline
0.1854,0.9312,active_vs_baseline
0.1856,0.9312,active_vs_baseline
0.1858,0.9312,active_vs_baseline
0.186,0.9312,active_vs_baseline
0.1862,0.9312,active_vs_baseline
0.1864,0.9312,active_vs_baseline
0.1866,0.9312,active_vs_baseline
0.1866,0.9314,active_vs_baseline
0.1868,0.9314,active_vs_baseline
0.187,0.9314,active_vs_baseline
0.1872,0.9314,active_vs_baseline
0.1872,0.9316,active_vs_baseline
0.1874,0.9316,active_vs_baseline
0.1876,0.9316,active_vs_baseline
0.1878,0.9316,active_vs_baseline
0.188,0.9316,active_vs_baseline
0.188,0.9318,active_vs_baseline
0.188,0.932,active_vs_baseline
0.188,0.9322,active_vs_baseline
0.1882,0.9322,active_vs_baseline
0.1884,0.9322,active_vs_baseline
0.1886,0.9322,active_vs_baseline
0.1886,0.9326,active_vs_baseline
0.1888,0.9326,active_vs_baseline
0.1888,0.9328,active_vs_baseline
0.189,0.9328,active_vs_baseline
0.189,0.933,active_vs_baseline
0.1892,0.933,active_vs_baseline
0.1894,0.933,active_vs_baseline
0.1896,0.933,active_vs_baseline
0.1898,0.933,active_vs_baseline
0.19,0.933,active_vs_baseline
0.1902,0.933,active_vs_baseline
0.1902,0.9332,active_vs_baseline
0.1904,0.9332,active_vs_baseline
0.1904,0.9334,active_vs_baseline
0.1906,0.9336,active_vs_baseline
0.191,0.9338,active_vs_baseline
0.1912,0.9338,active_vs_baseline
0.1914,0.9338,active_vs_baseline
0.1914,0.934,active_vs_baseline
0.1916,0.934,active_vs_baseline
0.1916,0.9342,active_vs_baseline
0.1918,0.9342,active_vs_baseline
0.192,0.9342,active_vs_baseline
0.1924,0.9342,active_vs_baseline
0.1924,0.9344,active_vs_baseline
0.1926,0.9344,active_vs_baseline
0.1928,0.9344,active_vs_baseline
0.1928,0.9346,active_vs_baseline
0.193,0.9346,active_vs_baseline
0.1932,0.9346,active_vs_baseline
0.1936,0.9346,active_vs_baseline
0.1938,0.9346,active_vs_baseline
0.1942,0.9346,active_vs_baseline
0.1944,0.9346,active_vs_baseline
0.1944,0.9348,active_vs_baseline
0.1946,0.9348,active_vs_baseline
0.1948,0.9348,active_vs_baseline
0.195,0.9348,active_vs_baseline
0.195,0.935,active_vs_baseline
0.1952,0.9352,active_vs_baseline
0.1954,0.9352,active_vs_baseline
0.1956,0.9352,active_vs_baseline
0.1958,0.9352,active_vs_baseline
0.1958,0.9354,active_vs_baseline
0.1958,0.9358,active_vs_baseline
0.1964,0.9358,active_vs_baseline
0.1964,0.936,active_vs_baseline
0.1966,0.936,active_vs_baseline
0.1968,0.936,active_vs_baseline
0.197,0.936,active_vs_baseline
0.1972,0.936,active_vs_baseline
0.1974,0.936,active_vs_baseline
0.1976,0.936,active_vs_baseline
0.1978,0.936,active_vs_baseline
0.198,0.936,active_vs_baseline
0.198,0.9362,active_vs_baseline
0.1982,0.9362,active_vs_baseline
0.1984,0.9362,active_vs_baseline
0.1986,0.9362,active_vs_baseline
0.1986,0.9364,active_vs_baseline
0.1988,0.9364,active_vs_baseline
0.199,0.9364,active_vs_baseline
0.1994,0.9368,active_vs_baseline
0.1996,0.9368,active_vs_baseline
0.1996,0.937,active_vs_baseline
0.1998,0.937,active_vs_baseline
0.1998,0.9374,active_vs_baseline
0.2,0.9374,active_vs_baseline
0.2002,0.9374,active_vs_baseline
0.2004,0.9374,active_vs_baseline
0.2004,0.9376,active_vs_baseline
0.2006,0.9376,active_vs_baseline
0.2008,0.9376,active_vs_baseline
0.2008,0.9378,active_vs_baseline
0.2008,0.938,active_vs_baseline
0.201,0.938,active_vs_baseline
0.2012,0.938,active_vs_baseline
0.2014,0.9384,active_vs_baseline
0.202,0.9386,active_vs_baseline
0.202,0.9388,active_vs_baseline
0.2022,0.9388,active_vs_baseline
0.2024,0.9388,active_vs_baseline
0.2026,0.9388,active_vs_baseline
0.2028,0.9388,active_vs_baseline
0.2028,0.939,active_vs_baseline
0.203,0.939,active_vs_baseline
0.203,0.9392,active_vs_baseline
0.2032,0.9392,active_vs_baseline
0.2034,0.9392,active_vs_baseline
0.2036,0.9392,active_vs_baseline
0.2038,0.9392,active_vs_baseline
0.204,0.9392,active_vs_baseline
0.2042,0.9392,active_vs_baseline
0.2044,0.9392,active_vs_baseline
0.2046,0.9392,active_vs_baseline
0.2048,0.9392,active_vs_baseline
0.2052,0.9392,active_vs_baseline
0.2054,0.9392,active_vs_baseline
0.2056,0.9392,active_vs_baseline
0.2058,0.9392,active_vs_baseline
0.2058,0.9394,active_vs_baseline
0.206,0.9394,active_vs_baseline
0.206,0.9396,active_vs_baseline
0.206,0.9398,active_vs_baseline
0.2062,0.9398,active_vs_baseline
0.2062,0.94,active_vs_baseline
0.2064,0.94,active_vs_baseline
0.2066,0.94,active_vs_baseline
0.2068,0.94,active_vs_baseline
0.207,0.94,active_vs_baseline
0.2072,0.94,active_vs_baseline
0.2074,0.94,active_vs_baseline
0.2076,0.94,active_vs_baseline
0.2078,0.94,active_vs_baseline
0.2078,0.9402,active_vs_baseline
0.208,0.9402,active_vs_baseline
0.2082,0.9402,active_vs_baseline
0.2084,0.9402,active_vs_baseline
0.2086,0.9402,active_vs_baseline
0.2088,0.9402,active_vs_baseline
0.209,0.9402,active_vs_baseline
0.209,0.9404,active_vs_baseline
0.2092,0.9404,active_vs_baseline
0.2094,0.9404,active_vs_baseline
0.2094,0.9406,active_vs_baseline
0.2096,0.9406,active_vs_baseline
0.21,0.9406,active_vs_baseline
0.21,0.9408,active_vs_baseline
0.2102,0.9408,active_vs_baseline
0.2104,0.9408,active_vs_baseline
0.2106,0.9408,active_vs_baseline
0.2106,0.941,active_vs_baseline
0.2106,0.9412,active_vs_baseline
0.2108,0.9412,active_vs_baseline
0.211,0.9412,active_vs_baseline
0.2112,0.9412,active_vs_baseline
0.2114,0.9412,active_vs_baseline
0.2116,0.9412,active_vs_baseline
0.2118,0.9412,active_vs_baseline
0.212,0.9412,active_vs_baseline
0.2122,0.9412,active_vs_baseline
0.2122,0.9414,active_vs_baseline
0.2124,0.9414,active_vs_baseline
0.2126,0.9416,active_vs_baseline
0.2128,0.9416,active_vs_baseline
0.213,0.9416,active_vs_baseline
0.2132,0.9416,active_vs_baseline
0.2134,0.9416,active_vs_baseline
0.2136,0.9416,active_vs_baseline
0.2138,0.9416,active_vs_baseline
0.214,0.9416,active_vs_baseline
0.214,0.9418,active_vs_baseline
0.2142,0.9418,active_vs_baseline
0.2144,0.9418,active_vs_baseline
0.2144,0.942,active_vs_baseline
0.2146,0.942,active_vs_baseline
0.2148,0.942,active_vs_baseline
0.215,0.942,active_vs_baseline
0.215,0.9422,active_vs_baseline
0.2152,0.9422,active_vs_baseline
0.2154,0.9422,active_vs_baseline
0.2156,0.9422,active_vs_baseline
0.2158,0.9422,active_vs_baseline
0.2162,0.9424,active_vs_baseline
0.2164,0.9426,active_vs_baseline
0.2166,0.9426,active_vs_baseline
0.2166,0.9428,active_vs_baseline
0.217,0.943,active_vs_baseline
0.2172,0.943,active_vs_baseline
0.2174,0.943,active_vs_baseline
0.2176,0.943,active_vs_baseline
0.2178,0.943,active_vs_baseline
0.218,0.943,active_vs_baseline
0.2182,0.943,active_vs_baseline
0.2184,0.943,active_vs_baseline
0.2186,0.943,active_vs_baseline
0.2188,0.943,active_vs_baseline
0.219,0.943,active_vs_baseline
0.2192,0.943,active_vs_baseline
0.2194,0.943,active_vs_baseline
0.2196,0.943,active_vs_baseline
0.2198,0.943,active_vs_baseline
0.22,0.943,active_vs_baseline
0.2202,0.943,active_vs_baseline
0.2204,0.943,active_vs_baseline
0.2206,0.943,active_vs_baseline
0.2208,0.943,active_vs_baseline
0.221,0.943,active_vs_baseline
0.2212,0.943,active_vs_baseline
0.2214,0.9432,active_vs_baseline
0.2216,0.9432,active_vs_baseline
0.2218,0.9432,active_vs_baseline
0.2218,0.9434,active_vs_baseline
0.222,0.9434,active_vs_baseline
0.2222,0.9436,active_vs_baseline
0.2222,0.9438,active_vs_baseline
0.2222,0.944,active_vs_baseline
0.2226,0.944,active_vs_baseline
0.223,0.944,active_vs_baseline
0.2232,0.944,active_vs_baseline
0.2234,0.944,active_vs_baseline
0.2236,0.944,active_vs_baseline
0.2238,0.944,active_vs_baseline
0.224,0.944,active_vs_baseline
0.2242,0.944,active_vs_baseline
0.2244,0.944,active_vs_baseline
0.2246,0.944,active_vs_baseline
0.2248,0.944,active_vs_baseline
0.225,0.944,active_vs_baseline
0.225,0.9442,active_vs_baseline
0.2252,0.9442,active_vs_baseline
0.2254,0.9442,active_vs_baseline
0.2256,0.9446,active_vs_baseline
0.226,0.9448,active_vs_baseline
0.2262,0.9448,active_vs_baseline
0.2264,0.9448,active_vs_baseline
0.2266,0.9448,active_vs_baseline
0.2266,0.945,active_vs_baseline
0.2268,0.945,active_vs_baseline
0.227,0.9452,active_vs_baseline
0.227,0.9454,active_vs_baseline
0.227,0.9456,active_vs_baseline
0.227,0.9458,active_vs_baseline
0.2272,0.9458,active_vs_baseline
0.2274,0.9458,active_vs_baseline
0.2276,0.9458,active_vs_baseline
0.2278,0.946,active_vs_baseline
0.228,0.946,active_vs_baseline
0.2282,0.946,active_vs_baseline
0.2282,0.9462,active_vs_baseline
0.2282,0.9464,active_vs_baseline
0.2282,0.9466,active_vs_baseline
0.2284,0.9466,active_vs_baseline
0.2286,0.9466,active_vs_baseline
0.229,0.9466,active_vs_baseline
0.2292,0.9466,active_vs_baseline
0.2294,0.9466,active_vs_baseline
0.2296,0.9466,active_vs_baseline
0.2298,0.9466,active_vs_baseline
0.23,0.9466,active_vs_baseline
0.2302,0.9466,active_vs_baseline
0.2302,0.9468,active_vs_baseline
0.2304,0.947,active_vs_baseline
0.2306,0.947,active_vs_baseline
0.2306,0.9472,active_vs_baseline
0.2308,0.9472,active_vs_baseline
0.231,0.9472,active_vs_baseline
0.2314,0.9472,active_vs_baseline
0.2316,0.9472,active_vs_baseline
0.2318,0.9472,active_vs_baseline
0.2322,0.9472,active_vs_baseline
0.2322,0.9474,active_vs_baseline
0.2324,0.9474,active_vs_baseline
0.2326,0.9474,active_vs_baseline
0.2328,0.9474,active_vs_baseline
0.233,0.9474,active_vs_baseline
0.233,0.9476,active_vs_baseline
0.2332,0.9476,active_vs_baseline
0.2334,0.9478,active_vs_baseline
0.2336,0.9478,active_vs_baseline
0.2336,0.948,active_vs_baseline
0.2338,0.948,active_vs_baseline
0.234,0.948,active_vs_baseline
0.2342,0.948,active_vs_baseline
0.2346,0.948,active_vs_baseline
0.2348,0.948,active_vs_baseline
0.2348,0.9482,active_vs_baseline
0.235,0.9484,active_vs_baseline
0.2352,0.9484,active_vs_baseline
0.2352,0.9486,active_vs_baseline
0.2354,0.9486,active_vs_baseline
0.2354,0.9488,active_vs_baseline
0.2356,0.9488,active_vs_baseline
0.2358,0.9488,active_vs_baseline
0.236,0.949,active_vs_baseline
0.2364,0.9492,active_vs_baseline
0.2364,0.9494,active_vs_baseline
0.2366,0.9494,active_vs_baseline
0.2366,0.9496,active_vs_baseline
0.2366,0.9498,active_vs_baseline
0.2368,0.9498,active_vs_baseline
0.2368,0.95,active_vs_baseline
0.237,0.95,active_vs_baseline
0.2372,0.95,active_vs_baseline
0.2374,0.95,active_vs_baseline
0.2376,0.95,active_vs_baseline
0.2378,0.95,active_vs_baseline
0.238,0.95,active_vs_baseline
0.2386,0.95,active_vs_baseline
0.2388,0.95,active_vs_baseline
0.239,0.95,active_vs_baseline
0.2392,0.95,active_vs_baseline
0.2394,0.95,active_vs_baseline
0.2396,0.95,active_vs_baseline
0.2396,0.9502,active_vs_baseline
0.2398,0.9504,active_vs_baseline
0.24,0.9504,active_vs_baseline
0.24,0.9506,active_vs_baseline
0.2402,0.9506,active_vs_baseline
0.2404,0.9506,active_vs_baseline
0.2406,0.9508,active_vs_baseline
0.2408,0.9508,active_vs_baseline
0.2408,0.951,active_vs_baseline
0.241,0.951,active_vs_baseline
0.241,0.9512,active_vs_baseline
0.2412,0.9512,active_vs_baseline
0.2414,0.9512,active_vs_baseline
0.2416,0.9512,active_vs_baseline
0.2418,0.9512,active_vs_baseline
0.242,0.9512,active_vs_baseline
0.242,0.9514,active_vs_baseline
0.242,0.9516,active_vs_baseline
0.2422,0.9516,active_vs_baseline
0.2424,0.9516,active_vs_baseline
0.2424,0.9518,active_vs_baseline
0.2426,0.9518,active_vs_baseline
0.2428,0.9518,active_vs_baseline
0.243,0.9518,active_vs_baseline
0.2432,0.9518,active_vs_baseline
0.2432,0.952,active_vs_baseline
0.2434,0.952,active_vs_baseline
0.2436,0.952,active_vs_baseline
0.2436,0.9522,active_vs_baseline
0.2438,0.9522,active_vs_baseline
0.244,0.9522,active_vs_baseline
0.244,0.9524,active_vs_baseline
0.244,0.9526,active_vs_baseline
0.2444,0.9526,active_vs_baseline
0.2446,0.9526,active_vs_baseline
0.2448,0.9526,active_vs_baseline
0.2458,0.9528,active_vs_baseline
0.246,0.9528,active_vs_baseline
0.2464,0.9528,active_vs_baseline
0.2464,0.953,active_vs_baseline
0.2466,0.953,active_vs_baseline
0.2468,0.953,active_vs_baseline
0.2472,0.953,active_vs_baseline
0.2478,0.953,active_vs_baseline
0.2478,0.9532,active_vs_baseline
0.248,0.9532,active_vs_baseline
0.248,0.9534,active_vs_baseline
0.2482,0.9534,active_vs_baseline
0.2486,0.9536,active_vs_baseline
0.2488,0.9536,active_vs_baseline
0.2488,0.9538,active_vs_baseline
0.249,0.9538,active_vs_baseline
0.2492,0.9538,active_vs_baseline
0.2492,0.954,active_vs_baseline
0.2492,0.9542,active_vs_baseline
0.2494,0.9542,active_vs_baseline
0.2496,0.9542,active_vs_baseline
0.2498,0.9542,active_vs_baseline
0.25,0.9542,active_vs_baseline
0.2502,0.9542,active_vs_baseline
0.2504,0.9542,active_vs_baseline
0.2504,0.9544,active_vs_baseline
0.2506,0.9544,active_vs_baseline
0.2508,0.9544,active_vs_baseline
0.2508,0.9546,active_vs_baseline
0.251,0.9546,active_vs_baseline
0.251,0.9548,active_vs_baseline
0.2512,0.9548,active_vs_baseline
0.2512,0.955,active_vs_baseline
0.2516,0.955,active_vs_baseline
0.2518,0.955,active_vs_baseline
0.252,0.955,active_vs_baseline
0.2522,0.955,active_vs_baseline
0.2526,0.9552,active_vs_baseline
0.2526,0.9554,active_vs_baseline
0.2528,0.9554,active_vs_baseline
0.253,0.9554,active_vs_baseline
0.2532,0.9554,active_vs_baseline
0.2532,0.9556,active_vs_baseline
0.2534,0.9556,active_vs_baseline
0.2536,0.9556,active_vs_baseline
0.2538,0.9556,active_vs_baseline
0.2542,0.9556,active_vs_baseline
0.2544,0.9556,active_vs_baseline
0.2544,0.9558,active_vs_baseline
0.2546,0.9558,active_vs_baseline
0.2548,0.9562,active_vs_baseline
0.255,0.9564,active_vs_baseline
0.2552,0.9564,active_vs_baseline
0.2554,0.9564,active_vs_baseline
0.2556,0.9564,active_vs_baseline
0.2558,0.9564,active_vs_baseline
0.256,0.9564,active_vs_baseline
0.2564,0.9564,active_vs_baseline
0.2566,0.9564,active_vs_baseline
0.2568,0.9564,active_vs_baseline
0.257,0.9566,active_vs_baseline
0.2574,0.9568,active_vs_baseline
0.2574,0.957,active_vs_baseline
0.2578,0.957,active_vs_baseline
0.2582,0.957,active_vs_baseline
0.2584,0.957,active_vs_baseline
0.2584,0.9572,active_vs_baseline
0.2586,0.9572,active_vs_baseline
0.2588,0.9572,active_vs_baseline
0.2588,0.9574,active_vs_baseline
0.2588,0.9576,active_vs_baseline
0.259,0.9576,active_vs_baseline
0.2592,0.9576,active_vs_baseline
0.2594,0.9576,active_vs_baseline
0.2596,0.9576,active_vs_baseline
0.2596,0.9578,active_vs_baseline
0.2598,0.9578,active_vs_baseline
0.26,0.9578,active_vs_baseline
0.2602,0.9578,active_vs_baseline
0.2604,0.9578,active_vs_baseline
0.2606,0.9578,active_vs_baseline
0.2608,0.9578,active_vs_baseline
0.261,0.9578,active_vs_baseline
0.2612,0.9578,active_vs_baseline
0.2614,0.9578,active_vs_baseline
0.2616,0.9578,active_vs_baseline
0.2616,0.958,active_vs_baseline
0.2618,0.958,active_vs_baseline
0.2622,0.958,active_vs_baseline
0.2622,0.9582,active_vs_baseline
0.2624,0.9582,active_vs_baseline
0.2628,0.9582,active_vs_baseline
0.263,0.9582,active_vs_baseline
0.263,0.9584,active_vs_baseline
0.263,0.9586,active_vs_baseline
0.2632,0.9586,active_vs_baseline
0.2634,0.9586,active_vs_baseline
0.2636,0.9586,active_vs_baseline
0.2636,0.9588,active_vs_baseline
0.2636,0.959,active_vs_baseline
0.2638,0.959,active_vs_baseline
0.2642,0.9596,active_vs_baseline
0.2644,0.9596,active_vs_baseline
0.2644,0.9598,active_vs_baseline
0.2646,0.9598,active_vs_baseline
0.2652,0.9598,active_vs_baseline
0.2654,0.9598,active_vs_baseline
0.2656,0.9598,active_vs_baseline
0.2656,0.96,active_vs_baseline
0.2658,0.96,active_vs_baseline
0.2658,0.9602,active_vs_baseline
0.266,0.9602,active_vs_baseline
0.2662,0.9602,active_vs_baseline
0.2664,0.9602,active_vs_baseline
0.2664,0.9604,active_vs_baseline
0.2666,0.9604,active_vs_baseline
0.2668,0.9604,active_vs_baseline
0.267,0.9604,active_vs_baseline
0.2672,0.9604,active_vs_baseline
0.2674,0.9604,active_vs_baseline
0.2676,0.9604,active_vs_baseline
0.2678,0.9604,active_vs_baseline
0.2682,0.9604,active_vs_baseline
0.2684,0.9604,active_vs_baseline
0.2686,0.9604,active_vs_baseline
0.2688,0.9606,active_vs_baseline
0.269,0.9606,active_vs_baseline
0.2692,0.9606,active_vs_baseline
0.2694,0.9606,active_vs_baseline
0.2696,0.9606,active_vs_baseline
0.2696,0.9608,active_vs_baseline
0.2698,0.9608,active_vs_baseline
0.27,0.9608,active_vs_baseline
0.2702,0.9608,active_vs_baseline
0.2704,0.9608,active_vs_baseline
0.2706,0.9608,active_vs_baseline
0.2708,0.961,active_vs_baseline
0.2708,0.9612,active_vs_baseline
0.271,0.9612,active_vs_baseline
0.2712,0.9612,active_vs_baseline
0.2712,0.9614,active_vs_baseline
0.2714,0.9614,active_vs_baseline
0.2714,0.9616,active_vs_baseline
0.2714,0.9618,active_vs_baseline
0.2716,0.9618,active_vs_baseline
0.2718,0.9618,active_vs_baseline
0.2724,0.9618,active_vs_baseline
0.2724,0.962,active_vs_baseline
0.2726,0.962,active_vs_baseline
0.273,0.962,active_vs_baseline
0.2734,0.962,active_vs_baseline
0.2738,0.9622,active_vs_baseline
0.274,0.9622,active_vs_baseline
0.2742,0.9622,active_vs_baseline
0.2744,0.9622,active_vs_baseline
0.2746,0.9622,active_vs_baseline
0.2748,0.9622,active_vs_baseline
0.2748,0.9624,active_vs_baseline
0.275,0.9624,active_vs_baseline
0.2752,0.9624,active_vs_baseline
0.2752,0.9626,active_vs_baseline
0.2754,0.9626,active_vs_baseline
0.2756,0.9626,active_vs_baseline
0.2756,0.9628,active_vs_baseline
0.2758,0.9628,active_vs_baseline
0.276,0.9628,active_vs_baseline
0.2764,0.9628,active_vs_baseline
0.277,0.9628,active_vs_baseline
0.2772,0.9628,active_vs_baseline
0.2774,0.9628,active_vs_baseline
0.2774,0.963,active_vs_baseline
0.2776,0.963,active_vs_baseline
0.2778,0.963,active_vs_baseline
0.278,0.963,active_vs_baseline
0.2782,0.963,active_vs_baseline
0.2786,0.963,active_vs_baseline
0.2788,0.963,active_vs_baseline
0.279,0.963,active_vs_baseline
0.2792,0.963,active_vs_baseline
0.2794,0.963,active_vs_baseline
0.2796,0.963,active_vs_baseline
0.2798,0.963,active_vs_baseline
0.28,0.963,active_vs_baseline
0.2802,0.963,active_vs_baseline
0.2802,0.9632,active_vs_baseline
0.2804,0.9632,active_vs_baseline
0.2806,0.9632,active_vs_baseline
0.281,0.9632,active_vs_baseline
0.2812,0.9632,active_vs_baseline
0.2814,0.9632,active_vs_baseline
0.2814,0.9634,active_vs_baseline
0.2816,0.9634,active_vs_baseline
0.2818,0.9634,active_vs_baseline
0.282,0.9634,active_vs_baseline
0.282,0.9636,active_vs_baseline
0.2822,0.9636,active_vs_baseline
0.2824,0.9636,active_vs_baseline
0.2826,0.9636,active_vs_baseline
0.2828,0.9636,active_vs_baseline
0.283,0.9636,active_vs_baseline
0.2832,0.9636,active_vs_baseline
0.2834,0.9636,active_vs_baseline
0.2836,0.9636,active_vs_baseline
0.2838,0.9636,active_vs_baseline
0.2838,0.9638,active_vs_baseline
0.284,0.9638,active_vs_baseline
0.2842,0.964,active_vs_baseline
0.2844,0.964,active_vs_baseline
0.2846,0.964,active_vs_baseline
0.2846,0.9642,active_vs_baseline
0.2848,0.9642,active_vs_baseline
0.285,0.9642,active_vs_baseline
0.2852,0.9646,active_vs_baseline
0.2852,0.9648,active_vs_baseline
0.2854,0.9648,active_vs_baseline
0.2856,0.9648,active_vs_baseline
0.2858,0.9648,active_vs_baseline
0.286,0.9648,active_vs_baseline
0.2862,0.9648,active_vs_baseline
0.2862,0.9652,active_vs_baseline
0.2864,0.9652,active_vs_baseline
0.2866,0.9652,active_vs_baseline
0.2866,0.9654,active_vs_baseline
0.2866,0.9656,active_vs_baseline
0.2868,0.9656,active_vs_baseline
0.287,0.9656,active_vs_baseline
0.2872,0.9656,active_vs_baseline
0.2874,0.9656,active_vs_baseline
0.2874,0.9658,active_vs_baseline
0.2876,0.9658,active_vs_baseline
0.2876,0.966,active_vs_baseline
0.2878,0.966,active_vs_baseline
0.288,0.966,active_vs_baseline
0.2882,0.966,active_vs_baseline
0.2884,0.966,active_vs_baseline
0.2886,0.966,active_vs_baseline
0.2888,0.966,active_vs_baseline
0.289,0.966,active_vs_baseline
0.289,0.9662,active_vs_baseline
0.289,0.9664,active_vs_baseline
0.2892,0.9664,active_vs_baseline
0.2894,0.9664,active_vs_baseline
0.2896,0.9664,active_vs_baseline
0.2898,0.9664,active_vs_baseline
0.29,0.9664,active_vs_baseline
0.2902,0.9664,active_vs_baseline
0.2904,0.9664,active_vs_baseline
0.2906,0.9664,active_vs_baseline
0.291,0.9664,active_vs_baseline
0.291,0.9666,active_vs_baseline
0.2912,0.9666,active_vs_baseline
0.2912,0.9668,active_vs_baseline
0.2914,0.9668,active_vs_baseline
0.2914,0.967,active_vs_baseline
0.2916,0.967,active_vs_baseline
0.2918,0.967,active_vs_baseline
0.292,0.967,active_vs_baseline
0.2922,0.967,active_vs_baseline
0.2922,0.9672,active_vs_baseline
0.2922,0.9674,active_vs_baseline
0.2924,0.9674,active_vs_baseline
0.2924,0.9676,active_vs_baseline
0.2926,0.9676,active_vs_baseline
0.2928,0.9676,active_vs_baseline
0.293,0.9676,active_vs_baseline
0.2934,0.9676,active_vs_baseline
0.2936,0.9678,active_vs_baseline
0.2938,0.9678,active_vs_baseline
0.294,0.9678,active_vs_baseline
0.2942,0.968,active_vs_baseline
0.2942,0.9682,active_vs_baseline
0.2944,0.9682,active_vs_baseline
0.2946,0.9682,active_vs_baseline
0.2948,0.9682,active_vs_baseline
0.295,0.9682,active_vs_baseline
0.295,0.9684,active_vs_baseline
0.295,0.9686,active_vs_baseline
0.2952,0.9686,active_vs_baseline
0.2954,0.9686,active_vs_baseline
0.2954,0.9688,active_vs_baseline
0.2956,0.9688,active_vs_baseline
0.2958,0.9688,active_vs_baseline
0.2958,0.969,active_vs_baseline
0.2958,0.9692,active_vs_baseline
0.296,0.9692,active_vs_baseline
0.2962,0.9692,active_vs_baseline
0.2964,0.9692,active_vs_baseline
0.2966,0.9692,active_vs_baseline
0.297,0.9692,active_vs_baseline
0.2972,0.9692,active_vs_baseline
0.2976,0.9694,active_vs_baseline
0.2978,0.9694,active_vs_baseline
0.298,0.9694,active_vs_baseline
0.2982,0.9694,active_vs_baseline
0.2984,0.9694,active_vs_baseline
0.2986,0.9694,active_vs_baseline
0.2988,0.9694,active_vs_baseline
0.299,0.9696,active_vs_baseline
0.2992,0.9698,active_vs_baseline
0.2994,0.9698,active_vs_baseline
0.2996,0.9698,active_vs_baseline
0.2998,0.9698,active_vs_baseline
0.3,0.9698,active_vs_baseline
0.3002,0.9698,active_vs_baseline
0.3004,0.9698,active_vs_baseline
0.3006,0.9698,active_vs_baseline
0.3008,0.9698,active_vs_baseline
0.301,0.9698,active_vs_baseline
0.3012,0.9698,active_vs_baseline
0.3014,0.9698,active_vs_baseline
0.302,0.9698,active_vs_baseline
0.3022,0.9698,active_vs_baseline
0.3024,0.9698,active_vs_baseline
0.3026,0.9698,active_vs_baseline
0.3028,0.9698,active_vs_baseline
0.3028,0.97,active_vs_baseline
0.3028,0.9702,active_vs_baseline
0.3028,0.9704,active_vs_baseline
0.303,0.9704,active_vs_baseline
0.3032,0.9704,active_vs_baseline
0.3036,0.9704,active_vs_baseline
0.3038,0.9704,active_vs_baseline
0.304,0.9704,active_vs_baseline
0.3042,0.9704,active_vs_baseline
0.3044,0.9704,active_vs_baseline
0.3046,0.9704,active_vs_baseline
0.3048,0.9704,active_vs_baseline
0.305,0.9704,active_vs_baseline
0.305,0.9706,active_vs_baseline
0.3052,0.9706,active_vs_baseline
0.3054,0.9706,active_vs_baseline
0.3056,0.9706,active_vs_baseline
0.3058,0.9706,active_vs_baseline
0.3058,0.9708,active_vs_baseline
0.3062,0.9708,active_vs_baseline
0.3066,0.9708,active_vs_baseline
0.3068,0.9708,active_vs_baseline
0.307,0.971,active_vs_baseline
0.3072,0.971,active_vs_baseline
0.3074,0.971,active_vs_baseline
0.3078,0.971,active_vs_baseline
0.308,0.971,active_vs_baseline
0.3082,0.971,active_vs_baseline
0.3084,0.971,active_vs_baseline
0.3086,0.971,active_vs_baseline
0.3088,0.971,active_vs_baseline
0.309,0.971,active_vs_baseline
0.3092,0.971,active_vs_baseline
0.3094,0.971,active_vs_baseline
0.3096,0.971,active_vs_baseline
0.3098,0.971,active_vs_baseline
0.31,0.971,active_vs_baseline
0.3102,0.971,active_vs_baseline
0.3104,0.971,active_vs_baseline
0.3106,0.971,active_vs_baseline
0.3108,0.971,active_vs_baseline
0.311,0.971,active_vs_baseline
0.3114,0.971,active_vs_baseline
0.3114,0.9712,active_vs_baseline
0.3114,0.9714,active_vs_baseline
0.3116,0.9714,active_vs_baseline
0.312,0.9716,active_vs_baseline
0.3122,0.9716,active_vs_baseline
0.3124,0.9716,active_vs_baseline
0.3126,0.9716,active_vs_baseline
0.3128,0.9716,active_vs_baseline
0.3128,0.9718,active_vs_baseline
0.313,0.9718,active_vs_baseline
0.3132,0.9718,active_vs_baseline
0.3134,0.9718,active_vs_baseline
0.3136,0.9718,active_vs_baseline
0.3138,0.9718,active_vs_baseline
0.314,0.9718,active_vs_baseline
0.3142,0.9718,active_vs_baseline
0.3144,0.9718,active_vs_baseline
0.3146,0.9718,active_vs_baseline
0.315,0.9718,active_vs_baseline
0.3152,0.9718,active_vs_baseline
0.3154,0.9718,active_vs_baseline
0.3156,0.9718,active_vs_baseline
0.3158,0.9718,active_vs_baseline
0.316,0.9718,active_vs_baseline
0.3162,0.9718,active_vs_baseline
0.3162,0.972,active_vs_baseline
0.3162,0.9722,active_vs_baseline
0.3164,0.9722,active_vs_baseline
0.3164,0.9724,active_vs_baseline
0.3164,0.9726,active_vs_baseline
0.3166,0.9726,active_vs_baseline
0.3168,0.9726,active_vs_baseline
0.3172,0.9726,active_vs_baseline
0.3174,0.9726,active_vs_baseline
0.3174,0.9728,active_vs_baseline
0.3176,0.9728,active_vs_baseline
0.318,0.9728,active_vs_baseline
0.3186,0.9728,active_vs_baseline
0.3188,0.9728,active_vs_baseline
0.319,0.9728,active_vs_baseline
0.3194,0.9728,active_vs_baseline
0.3196,0.9728,active_vs_baseline
0.3198,0.9728,active_vs_baseline
0.3206,0.9728,active_vs_baseline
0.3208,0.9728,active_vs_baseline
0.3212,0.9728,active_vs_baseline
0.3214,0.9728,active_vs_baseline
0.3216,0.9728,active_vs_baseline
0.3218,0.9728,active_vs_baseline
0.322,0.9728,active_vs_baseline
0.3224,0.9728,active_vs_baseline
0.3226,0.9728,active_vs_baseline
0.3228,0.9728,active_vs_baseline
0.323,0.9728,active_vs_baseline
0.3232,0.9728,active_vs_baseline
0.3234,0.9728,active_vs_baseline
0.3236,0.9728,active_vs_baseline
0.3236,0.973,active_vs_baseline
0.3238,0.9732,active_vs_baseline
0.324,0.9732,active_vs_baseline
0.324,0.9734,active_vs_baseline
0.3242,0.9734,active_vs_baseline
0.3244,0.9734,active_vs_baseline
0.3246,0.9734,active_vs_baseline
0.3248,0.9734,active_vs_baseline
0.325,0.9734,active_vs_baseline
0.3254,0.9734,active_vs_baseline
0.3256,0.9734,active_vs_baseline
0.3258,0.9734,active_vs_baseline
0.326,0.9734,active_vs_baseline
0.3262,0.9734,active_vs_baseline
0.3266,0.9734,active_vs_baseline
0.3268,0.9734,active_vs_baseline
0.327,0.9734,active_vs_baseline
0.3272,0.9734,active_vs_baseline
0.3278,0.9734,active_vs_baseline
0.3288,0.9734,active_vs_baseline
0.329,0.9734,active_vs_baseline
0.3292,0.9734,active_vs_baseline
0.3294,0.9734,active_vs_baseline
0.3296,0.9734,active_vs_baseline
0.3298,0.9734,active_vs_baseline
0.33,0.9734,active_vs_baseline
0.3302,0.9734,active_vs_baseline
0.3306,0.9734,active_vs_baseline
0.3308,0.9734,active_vs_baseline
0.331,0.9734,active_vs_baseline
0.3312,0.9734,active_vs_baseline
0.3314,0.9734,active_vs_baseline
0.3314,0.9736,active_vs_baseline
0.3316,0.9736,active_vs_baseline
0.332,0.9736,active_vs_baseline
0.3322,0.9736,active_vs_baseline
0.3328,0.9736,active_vs_baseline
0.333,0.9736,active_vs_baseline
0.3332,0.9736,active_vs_baseline
0.3332,0.9738,active_vs_baseline
0.3334,0.9738,active_vs_baseline
0.3336,0.9738,active_vs_baseline
0.3338,0.9738,active_vs_baseline
0.334,0.9738,active_vs_baseline
0.3342,0.9738,active_vs_baseline
0.3344,0.9738,active_vs_baseline
0.3346,0.9738,active_vs_baseline
0.3348,0.9738,active_vs_baseline
0.335,0.9738,active_vs_baseline
0.3352,0.9738,active_vs_baseline
0.3354,0.974,active_vs_baseline
0.3356,0.974,active_vs_baseline
0.3358,0.974,active_vs_baseline
0.336,0.974,active_vs_baseline
0.3362,0.974,active_vs_baseline
0.3364,0.974,active_vs_baseline
0.3366,0.974,active_vs_baseline
0.3368,0.974,active_vs_baseline
0.337,0.974,active_vs_baseline
0.3372,0.974,active_vs_baseline
0.3374,0.974,active_vs_baseline
0.3376,0.974,active_vs_baseline
0.3378,0.974,active_vs_baseline
0.338,0.974,active_vs_baseline
0.3382,0.974,active_vs_baseline
0.3384,0.974,active_vs_baseline
0.3386,0.974,active_vs_baseline
0.3388,0.974,active_vs_baseline
0.339,0.974,active_vs_baseline
0.3392,0.974,active_vs_baseline
0.3394,0.974,active_vs_baseline
0.3396,0.974,active_vs_baseline
0.3398,0.974,active_vs_baseline
0.3402,0.9742,active_vs_baseline
0.3404,0.9742,active_vs_baseline
0.3406,0.9742,active_vs_baseline
0.3408,0.9742,active_vs_baseline
0.3412,0.9742,active_vs_baseline
0.3414,0.9742,active_vs_baseline
0.3416,0.9742,active_vs_baseline
0.3418,0.9742,active_vs_baseline
0.342,0.9742,active_vs_baseline
0.3422,0.9742,active_vs_baseline
0.3424,0.9742,active_vs_baseline
0.3426,0.9742,active_vs_baseline
0.3426,0.9744,active_vs_baseline
0.3428,0.9744,active_vs_baseline
0.3428,0.9746,active_vs_baseline
0.3428,0.9748,active_vs_baseline
0.343,0.9748,active_vs_baseline
0.3432,0.975,active_vs_baseline
0.3434,0.975,active_vs_baseline
0.3436,0.975,active_vs_baseline
0.3438,0.975,active_vs_baseline
0.344,0.975,active_vs_baseline
0.3442,0.975,active_vs_baseline
0.3444,0.975,active_vs_baseline
0.3446,0.975,active_vs_baseline
0.3448,0.975,active_vs_baseline
0.3456,0.975,active_vs_baseline
0.3456,0.9752,active_vs_baseline
0.3458,0.9752,active_vs_baseline
0.346,0.9752,active_vs_baseline
0.3462,0.9752,active_vs_baseline
0.3464,0.9754,active_vs_baseline
0.3468,0.9756,active_vs_baseline
0.347,0.9756,active_vs_baseline
0.3476,0.9756,active_vs_baseline
0.3478,0.9756,active_vs_baseline
0.348,0.9756,active_vs_baseline
0.348,0.9758,active_vs_baseline
0.3482,0.9758,active_vs_baseline
0.3486,0.9758,active_vs_baseline
0.3488,0.9758,active_vs_baseline
0.3488,0.976,active_vs_baseline
0.3494,0.9762,active_vs_baseline
0.3496,0.9762,active_vs_baseline
0.3498,0.9762,active_vs_baseline
0.35,0.9762,active_vs_baseline
0.3502,0.9762,active_vs_baseline
0.3504,0.9762,active_vs_baseline
0.3506,0.9762,active_vs_baseline
0.3508,0.9762,active_vs_baseline
0.351,0.9762,active_vs_baseline
0.3512,0.9762,active_vs_baseline
0.3514,0.9762,active_vs_baseline
0.3516,0.9762,active_vs_baseline
0.3516,0.9764,active_vs_baseline
0.3518,0.9764,active_vs_baseline
0.352,0.9764,active_vs_baseline
0.3522,0.9764,active_vs_baseline
0.3524,0.9764,active_vs_baseline
0.3526,0.9764,active_vs_baseline
0.3526,0.9766,active_vs_baseline
0.3528,0.9766,active_vs_baseline
0.353,0.9766,active_vs_baseline
0.3532,0.9766,active_vs_baseline
0.3534,0.9766,active_vs_baseline
0.3536,0.9766,active_vs_baseline
0.354,0.9766,active_vs_baseline
0.3542,0.9766,active_vs_baseline
0.3544,0.9766,active_vs_baseline
0.3546,0.9766,active_vs_baseline
0.3548,0.9766,active_vs_baseline
0.355,0.9766,active_vs_baseline
0.3552,0.9766,active_vs_baseline
0.3554,0.9766,active_vs_baseline
0.3556,0.9766,active_vs_baseline
0.3562,0.9766,active_vs_baseline
0.3566,0.9766,active_vs_baseline
0.3566,0.9768,active_vs_baseline
0.3568,0.9768,active_vs_baseline
0.357,0.9768,active_vs_baseline
0.3572,0.9768,active_vs_baseline
0.3574,0.9768,active_vs_baseline
0.3576,0.9768,active_vs_baseline
0.3578,0.9768,active_vs_baseline
0.3578,0.977,active_vs_baseline
0.358,0.977,active_vs_baseline
0.3582,0.977,active_vs_baseline
0.3584,0.977,active_vs_baseline
0.359,0.977,active_vs_baseline
0.3592,0.977,active_vs_baseline
0.3594,0.977,active_vs_baseline
0.3596,0.977,active_vs_baseline
0.3598,0.977,active_vs_baseline
0.36,0.977,active_vs_baseline
0.3602,0.977,active_vs_baseline
0.3604,0.977,active_vs_baseline
0.3604,0.9772,active_vs_baseline
0.3606,0.9772,active_vs_baseline
0.3608,0.9772,active_vs_baseline
0.361,0.9772,active_vs_baseline
0.3612,0.9772,active_vs_baseline
0.3614,0.9772,active_vs_baseline
0.3616,0.9772,active_vs_baseline
0.3618,0.9772,active_vs_baseline
0.362,0.9772,active_vs_baseline
0.3622,0.9772,active_vs_baseline
0.3624,0.9772,active_vs_baseline
0.3626,0.9772,active_vs_baseline
0.3628,0.9772,active_vs_baseline
0.363,0.9772,active_vs_baseline
0.3632,0.9772,active_vs_baseline
0.3632,0.9774,active_vs_baseline
0.3636,0.9774,active_vs_baseline
0.3638,0.9776,active_vs_baseline
0.364,0.9776,active_vs_baseline
0.3642,0.9776,active_vs_baseline
0.3644,0.9776,active_vs_baseline
0.3648,0.9776,active_vs_baseline
0.3648,0.9778,active_vs_baseline
0.365,0.9778,active_vs_baseline
0.3652,0.9778,active_vs_baseline
0.3654,0.9778,active_vs_baseline
0.3656,0.9778,active_vs_baseline
0.3658,0.9778,active_vs_baseline
0.366,0.9778,active_vs_baseline
0.3662,0.9778,active_vs_baseline
0.3664,0.9778,active_vs_baseline
0.3672,0.9778,active_vs_baseline
0.3674,0.9778,active_vs_baseline
0.3676,0.9778,active_vs_baseline
0.3678,0.9778,active_vs_baseline
0.368,0.9778,active_vs_baseline
0.3682,0.9778,active_vs_baseline
0.3686,0.9778,active_vs_baseline
0.3688,0.9778,active_vs_baseline
0.3694,0.978,active_vs_baseline
0.3696,0.978,active_vs_baseline
0.3698,0.978,active_vs_baseline
0.3698,0.9782,active_vs_baseline
0.37,0.9782,active_vs_baseline
0.3702,0.9782,active_vs_baseline
0.3704,0.9782,active_vs_baseline
0.3706,0.9782,active_vs_baseline
0.3708,0.9782,active_vs_baseline
0.371,0.9782,active_vs_baseline
0.3712,0.9782,active_vs_baseline
0.3714,0.9782,active_vs_baseline
0.3718,0.9782,active_vs_baseline
0.372,0.9782,active_vs_baseline
0.3724,0.9782,active_vs_baseline
0.3726,0.9782,active_vs_baseline
0.3728,0.9782,active_vs_baseline
0.373,0.9782,active_vs_baseline
0.3732,0.9782,active_vs_baseline
0.3734,0.9782,active_vs_baseline
0.3736,0.9782,active_vs_baseline
0.3738,0.9782,active_vs_baseline
0.3742,0.9782,active_vs_baseline
0.3748,0.9782,active_vs_baseline
0.375,0.9782,active_vs_baseline
0.3752,0.9782,active_vs_baseline
0.3754,0.9782,active_vs_baseline
0.3756,0.9782,active_vs_baseline
0.3758,0.9782,active_vs_baseline
0.376,0.9782,active_vs_baseline
0.3762,0.9782,active_vs_baseline
0.3766,0.9782,active_vs_baseline
0.3766,0.9784,active_vs_baseline
0.3768,0.9784,active_vs_baseline
0.377,0.9784,active_vs_baseline
0.3772,0.9784,active_vs_baseline
0.3774,0.9784,active_vs_baseline
0.3776,0.9784,active_vs_baseline
0.3778,0.9784,active_vs_baseline
0.378,0.9784,active_vs_baseline
0.379,0.9784,active_vs_baseline
0.3792,0.9784,active_vs_baseline
0.3796,0.9784,active_vs_baseline
0.38,0.9784,active_vs_baseline
0.3802,0.9784,active_vs_baseline
0.3804,0.9784,active_vs_baseline
0.3806,0.9784,active_vs_baseline
0.3808,0.9784,active_vs_baseline
0.3812,0.9784,active_vs_baseline
0.3814,0.9784,active_vs_baseline
0.3816,0.9784,active_vs_baseline
0.3818,0.9784,active_vs_baseline
0.382,0.9784,active_vs_baseline
0.3822,0.9784,active_vs_baseline
0.3824,0.9784,active_vs_baseline
0.3826,0.9784,active_vs_baseline
0.3828,0.9784,active_vs_baseline
0.383,0.9784,active_vs_baseline
0.3834,0.9784,active_vs_baseline
0.3836,0.9786,active_vs_baseline
0.3838,0.9786,active_vs_baseline
0.384,0.9786,active_vs_baseline
0.3842,0.9786,active_vs_baseline
0.3844,0.9786,active_vs_baseline
0.3846,0.9786,active_vs_baseline
0.3848,0.9786,active_vs_baseline
0.385,0.9786,active_vs_baseline
0.3852,0.9786,active_vs_baseline
0.3854,0.9788,active_vs_baseline
0.3856,0.9788,active_vs_baseline
0.3856,0.979,active_vs_baseline
0.3858,0.979,active_vs_baseline
0.386,0.979,active_vs_baseline
0.3862,0.979,active_vs_baseline
0.3864,0.979,active_vs_baseline
0.3866,0.979,active_vs_baseline
0.3868,0.979,active_vs_baseline
0.3872,0.979,active_vs_baseline
0.3874,0.979,active_vs_baseline
0.3878,0.979,active_vs_baseline
0.388,0.979,active_vs_baseline
0.3882,0.979,active_vs_baseline
0.3882,0.9792,active_vs_baseline
0.3884,0.9792,active_vs_baseline
0.3886,0.9792,active_vs_baseline
0.3888,0.9792,active_vs_baseline
0.3892,0.9792,active_vs_baseline
0.3894,0.9792,active_vs_baseline
0.3896,0.9792,active_vs_baseline
0.3898,0.9792,active_vs_baseline
0.3898,0.9794,active_vs_baseline
0.39,0.9794,active_vs_baseline
0.3902,0.9794,active_vs_baseline
0.3904,0.9794,active_vs_baseline
0.3906,0.9794,active_vs_baseline
0.3908,0.9796,active_vs_baseline
0.3908,0.9798,active_vs_baseline
0.391,0.9798,active_vs_baseline
0.3912,0.9798,active_vs_baseline
0.3914,0.9798,active_vs_baseline
0.3916,0.9798,active_vs_baseline
0.3916,0.98,active_vs_baseline
0.3918,0.98,active_vs_baseline
0.3922,0.98,active_vs_baseline
0.3924,0.98,active_vs_baseline
0.3928,0.98,active_vs_baseline
0.393,0.98,active_vs_baseline
0.3934,0.98,active_vs_baseline
0.3936,0.98,active_vs_baseline
0.3938,0.98,active_vs_baseline
0.394,0.98,active_vs_baseline
0.3942,0.98,active_vs_baseline
0.3944,0.98,active_vs_baseline
0.3946,0.98,active_vs_baseline
0.395,0.98,active_vs_baseline
0.3952,0.98,active_vs_baseline
0.3956,0.98,active_vs_baseline
0.3958,0.98,active_vs_baseline
0.396,0.98,active_vs_baseline
0.3962,0.98,active_vs_baseline
0.3966,0.98,active_vs_baseline
0.3968,0.98,active_vs_baseline
0.397,0.98,active_vs_baseline
0.3974,0.98,active_vs_baseline
0.3976,0.98,active_vs_baseline
0.3978,0.98,active_vs_baseline
0.398,0.9802,active_vs_baseline
0.3982,0.9802,active_vs_baseline
0.3984,0.9802,active_vs_baseline
0.3986,0.9802,active_vs_baseline
0.3988,0.9802,active_vs_baseline
0.399,0.9802,active_vs_baseline
0.3992,0.9802,active_vs_baseline
0.3994,0.9802,active_vs_baseline
0.3996,0.9802,active_vs_baseline
0.4,0.9802,active_vs_baseline
0.4002,0.9802,active_vs_baseline
0.4004,0.9802,active_vs_baseline
0.4006,0.9802,active_vs_baseline
0.401,0.9802,active_vs_baseline
0.4012,0.9802,active_vs_baseline
0.4014,0.9802,active_vs_baseline
0.4016,0.9802,active_vs_baseline
0.4018,0.9802,active_vs_baseline
0.402,0.9802,active_vs_baseline
0.4022,0.9802,active_vs_baseline
0.4024,0.9802,active_vs_baseline
0.4026,0.9802,active_vs_baseline
0.4036,0.9802,active_vs_baseline
0.4036,0.9804,active_vs_baseline
0.4038,0.9804,active_vs_baseline
0.404,0.9804,active_vs_baseline
0.4042,0.9804,active_vs_baseline
0.4044,0.9804,active_vs_baseline
0.4046,0.9804,active_vs_baseline
0.4048,0.9804,active_vs_baseline
0.4052,0.9804,active_vs_baseline
0.4054,0.9804,active_vs_baseline
0.4056,0.9804,active_vs_baseline
0.4058,0.9804,active_vs_baseline
0.406,0.9804,active_vs_baseline
0.4062,0.9804,active_vs_baseline
0.4064,0.9804,active_vs_baseline
0.4068,0.9804,active_vs_baseline
0.407,0.9804,active_vs_baseline
0.4074,0.9804,active_vs_baseline
0.4076,0.9804,active_vs_baseline
0.4078,0.9806,active_vs_baseline
0.408,0.9806,active_vs_baseline
0.4082,0.9806,active_vs_baseline
0.4084,0.9806,active_vs_baseline
0.4086,0.9806,active_vs_baseline
0.4088,0.9806,active_vs_baseline
0.4088,0.9808,active_vs_baseline
0.409,0.9808,active_vs_baseline
0.4094,0.9808,active_vs_baseline
0.4096,0.9808,active_vs_baseline
0.4098,0.9808,active_vs_baseline
0.41,0.9808,active_vs_baseline
0.4102,0.9808,active_vs_baseline
0.4104,0.9808,active_vs_baseline
0.4106,0.9808,active_vs_baseline
0.4106,0.981,active_vs_baseline
0.4106,0.9812,active_vs_baseline
0.4108,0.9812,active_vs_baseline
0.4108,0.9814,active_vs_baseline
0.411,0.9814,active_vs_baseline
0.411,0.9816,active_vs_baseline
0.4112,0.9816,active_vs_baseline
0.4114,0.9816,active_vs_baseline
0.4114,0.9818,active_vs_baseline
0.4116,0.9818,active_vs_baseline
0.4118,0.9818,active_vs_baseline
0.4118,0.982,active_vs_baseline
0.412,0.982,active_vs_baseline
0.4122,0.982,active_vs_baseline
0.4124,0.982,active_vs_baseline
0.4126,0.982,active_vs_baseline
0.4128,0.982,active_vs_baseline
0.413,0.982,active_vs_baseline
0.4132,0.982,active_vs_baseline
0.4132,0.9822,active_vs_baseline
0.4136,0.9822,active_vs_baseline
0.4138,0.9822,active_vs_baseline
0.4142,0.9822,active_vs_baseline
0.4142,0.9824,active_vs_baseline
0.4144,0.9824,active_vs_baseline
0.4146,0.9824,active_vs_baseline
0.415,0.9826,active_vs_baseline
0.4152,0.9826,active_vs_baseline
0.4154,0.9826,active_vs_baseline
0.4156,0.9826,active_vs_baseline
0.4158,0.9826,active_vs_baseline
0.416,0.9826,active_vs_baseline
0.4162,0.9826,active_vs_baseline
0.4164,0.9826,active_vs_baseline
0.4166,0.9826,active_vs_baseline
0.4168,0.9826,active_vs_baseline
0.417,0.9826,active_vs_baseline
0.4172,0.9826,active_vs_baseline
0.4174,0.9826,active_vs_baseline
0.4176,0.9826,active_vs_baseline
0.418,0.9826,active_vs_baseline
0.4182,0.9826,active_vs_baseline
0.4186,0.9826,active_vs_baseline
0.4186,0.9828,active_vs_baseline
0.4188,0.9828,active_vs_baseline
0.4188,0.983,active_vs_baseline
0.4192,0.9832,active_vs_baseline
0.4194,0.9832,active_vs_baseline
0.4198,0.9832,active_vs_baseline
0.4202,0.9832,active_vs_baseline
0.4204,0.9832,active_vs_baseline
0.4206,0.9832,active_vs_baseline
0.4208,0.9832,active_vs_baseline
0.4208,0.9834,active_vs_baseline
0.421,0.9834,active_vs_baseline
0.4212,0.9834,active_vs_baseline
0.4214,0.9834,active_vs_baseline
0.4216,0.9834,active_vs_baseline
0.4218,0.9834,active_vs_baseline
0.422,0.9836,active_vs_baseline
0.4222,0.9836,active_vs_baseline
0.4224,0.9836,active_vs_baseline
0.4226,0.9836,active_vs_baseline
0.4228,0.9836,active_vs_baseline
0.423,0.9836,active_vs_baseline
0.4232,0.9836,active_vs_baseline
0.4234,0.9836,active_vs_baseline
0.4236,0.9836,active_vs_baseline
0.4238,0.9836,active_vs_baseline
0.424,0.9836,active_vs_baseline
0.4242,0.9836,active_vs_baseline
0.4246,0.9836,active_vs_baseline
0.4248,0.9836,active_vs_baseline
0.425,0.9836,active_vs_baseline
0.4252,0.9836,active_vs_baseline
0.4258,0.9836,active_vs_baseline
0.426,0.9836,active_vs_baseline
0.4262,0.9836,active_vs_baseline
0.4264,0.9836,active_vs_baseline
0.4266,0.9836,active_vs_baseline
0.4268,0.9836,active_vs_baseline
0.427,0.9836,active_vs_baseline
0.4274,0.9836,active_vs_baseline
0.4278,0.9836,active_vs_baseline
0.428,0.9836,active_vs_baseline
0.428,0.9838,active_vs_baseline
0.4286,0.9838,active_vs_baseline
0.429,0.9838,active_vs_baseline
0.4302,0.9838,active_vs_baseline
0.4304,0.984,active_vs_baseline
0.4306,0.984,active_vs_baseline
0.4306,0.9842,active_vs_baseline
0.4308,0.9842,active_vs_baseline
0.431,0.9842,active_vs_baseline
0.4312,0.9842,active_vs_baseline
0.4314,0.9842,active_vs_baseline
0.4316,0.9842,active_vs_baseline
0.4318,0.9842,active_vs_baseline
0.432,0.9842,active_vs_baseline
0.4322,0.9842,active_vs_baseline
0.4324,0.9842,active_vs_baseline
0.4326,0.9842,active_vs_baseline
0.4328,0.9842,active_vs_baseline
0.433,0.9842,active_vs_baseline
0.4332,0.9842,active_vs_baseline
0.4334,0.9842,active_vs_baseline
0.4334,0.9844,active_vs_baseline
0.4336,0.9844,active_vs_baseline
0.4338,0.9844,active_vs_baseline
0.434,0.9844,active_vs_baseline
0.4342,0.9844,active_vs_baseline
0.4342,0.9846,active_vs_baseline
0.4342,0.9848,active_vs_baseline
0.4344,0.9848,active_vs_baseline
0.4344,0.985,active_vs_baseline
0.4348,0.985,active_vs_baseline
0.435,0.985,active_vs_baseline
0.4352,0.985,active_vs_baseline
0.4356,0.985,active_vs_baseline
0.4358,0.985,active_vs_baseline
0.436,0.985,active_vs_baseline
0.4362,0.985,active_vs_baseline
0.4366,0.985,active_vs_baseline
0.437,0.985,active_vs_baseline
0.4374,0.985,active_vs_baseline
0.4376,0.985,active_vs_baseline
0.4378,0.985,active_vs_baseline
0.438,0.985,active_vs_baseline
0.4382,0.985,active_vs_baseline
0.4384,0.985,active_vs_baseline
0.4386,0.985,active_vs_baseline
0.4388,0.985,active_vs_baseline
0.4394,0.985,active_vs_baseline
0.4396,0.985,active_vs_baseline
0.4398,0.985,active_vs_baseline
0.44,0.985,active_vs_baseline
0.4402,0.985,active_vs_baseline
0.4404,0.985,active_vs_baseline
0.4406,0.985,active_vs_baseline
0.4408,0.985,active_vs_baseline
0.441,0.985,active_vs_baseline
0.4412,0.985,active_vs_baseline
0.4414,0.985,active_vs_baseline
0.4416,0.985,active_vs_baseline
0.4418,0.985,active_vs_baseline
0.442,0.985,active_vs_baseline
0.4422,0.985,active_vs_baseline
0.4424,0.985,active_vs_baseline
0.4424,0.9854,active_vs_baseline
0.4428,0.9854,active_vs_baseline
0.443,0.9854,active_vs_baseline
0.4432,0.9854,active_vs_baseline
0.4436,0.9854,active_vs_baseline
0.4438,0.9854,active_vs_baseline
0.444,0.9854,active_vs_baseline
0.4442,0.9854,active_vs_baseline
0.4444,0.9854,active_vs_baseline
0.4446,0.9854,active_vs_baseline
0.4448,0.9854,active_vs_baseline
0.445,0.9854,active_vs_baseline
0.4452,0.9854,active_vs_baseline
0.4462,0.9854,active_vs_baseline
0.4466,0.9854,active_vs_baseline
0.4468,0.9854,active_vs_baseline
0.447,0.9854,active_vs_baseline
0.447,0.9856,active_vs_baseline
0.4472,0.9856,active_vs_baseline
0.4476,0.9858,active_vs_baseline
0.4478,0.9858,active_vs_baseline
0.4482,0.9858,active_vs_baseline
0.4482,0.986,active_vs_baseline
0.4484,0.986,active_vs_baseline
0.4486,0.986,active_vs_baseline
0.4488,0.986,active_vs_baseline
0.449,0.986,active_vs_baseline
0.4494,0.986,active_vs_baseline
0.4496,0.986,active_vs_baseline
0.4498,0.986,active_vs_baseline
0.4504,0.986,active_vs_baseline
0.4506,0.986,active_vs_baseline
0.4508,0.986,active_vs_baseline
0.451,0.986,active_vs_baseline
0.4514,0.986,active_vs_baseline
0.4516,0.986,active_vs_baseline
0.4518,0.986,active_vs_baseline
0.4518,0.9862,active_vs_baseline
0.452,0.9862,active_vs_baseline
0.4522,0.9862,active_vs_baseline
0.4526,0.9862,active_vs_baseline
0.4528,0.9862,active_vs_baseline
0.453,0.9862,active_vs_baseline
0.4532,0.9862,active_vs_baseline
0.4534,0.9862,active_vs_baseline
0.4536,0.9862,active_vs_baseline
0.4538,0.9862,active_vs_baseline
0.454,0.9862,active_vs_baseline
0.4542,0.9862,active_vs_baseline
0.4544,0.9862,active_vs_baseline
0.4546,0.9862,active_vs_baseline
0.4548,0.9862,active_vs_baseline
0.455,0.9862,active_vs_baseline
0.4552,0.9862,active_vs_baseline
0.4554,0.9862,active_vs_baseline
0.4556,0.9862,active_vs_baseline
0.4558,0.9862,active_vs_baseline
0.456,0.9862,active_vs_baseline
0.4564,0.9862,active_vs_baseline
0.4566,0.9862,active_vs_baseline
0.4568,0.9862,active_vs_baseline
0.457,0.9862,active_vs_baseline
0.4572,0.9862,active_vs_baseline
0.4574,0.9862,active_vs_baseline
0.4578,0.9864,active_vs_baseline
0.458,0.9864,active_vs_baseline
0.4582,0.9864,active_vs_baseline
0.4586,0.9864,active_vs_baseline
0.4588,0.9864,active_vs_baseline
0.459,0.9864,active_vs_baseline
0.4592,0.9864,active_vs_baseline
0.4594,0.9864,active_vs_baseline
0.4594,0.9866,active_vs_baseline
0.4596,0.9866,active_vs_baseline
0.46,0.9866,active_vs_baseline
0.4604,0.9866,active_vs_baseline
0.4606,0.9866,active_vs_baseline
0.4608,0.9866,active_vs_baseline
0.4614,0.9866,active_vs_baseline
0.4616,0.9866,active_vs_baseline
0.462,0.9866,active_vs_baseline
0.4624,0.9866,active_vs_baseline
0.4626,0.9866,active_vs_baseline
0.4628,0.9866,active_vs_baseline
0.463,0.9866,active_vs_baseline
0.4634,0.9866,active_vs_baseline
0.4638,0.9866,active_vs_baseline
0.4642,0.9866,active_vs_baseline
0.4644,0.9866,active_vs_baseline
0.4646,0.9866,active_vs_baseline
0.4648,0.9866,active_vs_baseline
0.465,0.9866,active_vs_baseline
0.4652,0.9866,active_vs_baseline
0.4654,0.9866,active_vs_baseline
0.4656,0.9866,active_vs_baseline
0.4658,0.9866,active_vs_baseline
0.4658,0.9868,active_vs_baseline
0.466,0.9868,active_vs_baseline
0.4662,0.9868,active_vs_baseline
0.4664,0.9868,active_vs_baseline
0.4666,0.9868,active_vs_baseline
0.4668,0.9868,active_vs_baseline
0.467,0.9868,active_vs_baseline
0.4672,0.9868,active_vs_baseline
0.4674,0.9868,active_vs_baseline
0.4676,0.9868,active_vs_baseline
0.4678,0.9868,active_vs_baseline
0.468,0.9868,active_vs_baseline
0.4682,0.9868,active_vs_baseline
0.4684,0.9868,active_vs_baseline
0.4686,0.9868,active_vs_baseline
0.469,0.9868,active_vs_baseline
0.4692,0.9868,active_vs_baseline
0.4694,0.9868,active_vs_baseline
0.4696,0.9868,active_vs_baseline
0.47,0.9868,active_vs_baseline
0.4706,0.987,active_vs_baseline
0.471,0.987,active_vs_baseline
0.4712,0.987,active_vs_baseline
0.4714,0.987,active_vs_baseline
0.4716,0.987,active_vs_baseline
0.4718,0.987,active_vs_baseline
0.472,0.9872,active_vs_baseline
0.4722,0.9872,active_vs_baseline
0.4724,0.9872,active_vs_baseline
0.4726,0.9872,active_vs_baseline
0.4726,0.9874,active_vs_baseline
0.4728,0.9874,active_vs_baseline
0.473,0.9874,active_vs_baseline
0.4734,0.9874,active_vs_baseline
0.4736,0.9874,active_vs_baseline
0.4738,0.9874,active_vs_baseline
0.474,0.9874,active_vs_baseline
0.4742,0.9874,active_vs_baseline
0.4744,0.9874,active_vs_baseline
0.4748,0.9874,active_vs_baseline
0.4748,0.9876,active_vs_baseline
0.475,0.9876,active_vs_baseline
0.4752,0.9876,active_vs_baseline
0.4756,0.9876,active_vs_baseline
0.4756,0.9878,active_vs_baseline
0.4758,0.9878,active_vs_baseline
0.476,0.9878,active_vs_baseline
0.4762,0.9878,active_vs_baseline
0.4766,0.9878,active_vs_baseline
0.4768,0.9878,active_vs_baseline
0.477,0.9878,active_vs_baseline
0.4774,0.9878,active_vs_baseline
0.4774,0.988,active_vs_baseline
0.4776,0.988,active_vs_baseline
0.4778,0.988,active_vs_baseline
0.478,0.988,active_vs_baseline
0.4782,0.988,active_vs_baseline
0.4784,0.988,active_vs_baseline
0.4786,0.988,active_vs_baseline
0.4788,0.988,active_vs_baseline
0.4788,0.9882,active_vs_baseline
0.479,0.9882,active_vs_baseline
0.4792,0.9882,active_vs_baseline
0.4794,0.9882,active_vs_baseline
0.4796,0.9882,active_vs_baseline
0.48,0.9882,active_vs_baseline
0.4804,0.9882,active_vs_baseline
0.4806,0.9882,active_vs_baseline
0.4808,0.9882,active_vs_baseline
0.481,0.9882,active_vs_baseline
0.4814,0.9882,active_vs_baseline
0.4816,0.9882,active_vs_baseline
0.4818,0.9882,active_vs_baseline
0.482,0.9882,active_vs_baseline
0.4822,0.9882,active_vs_baseline
0.4828,0.9882,active_vs_baseline
0.483,0.9882,active_vs_baseline
0.4832,0.9882,active_vs_baseline
0.4834,0.9882,active_vs_baseline
0.4836,0.9882,active_vs_baseline
0.4838,0.9882,active_vs_baseline
0.484,0.9882,active_vs_baseline
0.4842,0.9882,active_vs_baseline
0.4844,0.9882,active_vs_baseline
0.4846,0.9882,active_vs_baseline
0.4846,0.9884,active_vs_baseline
0.4848,0.9884,active_vs_baseline
0.485,0.9884,active_vs_baseline
0.4852,0.9884,active_vs_baseline
0.4854,0.9884,active_vs_baseline
0.4856,0.9884,active_vs_baseline
0.4858,0.9884,active_vs_baseline
0.486,0.9884,active_vs_baseline
0.4862,0.9884,active_vs_baseline
0.4868,0.9884,active_vs_baseline
0.487,0.9884,active_vs_baseline
0.4872,0.9884,active_vs_baseline
0.4878,0.9884,active_vs_baseline
0.488,0.9884,active_vs_baseline
0.4882,0.9884,active_vs_baseline
0.4884,0.9884,active_vs_baseline
0.489,0.9884,active_vs_baseline
0.4892,0.9884,active_vs_baseline
0.4894,0.9884,active_vs_baseline
0.4896,0.9884,active_vs_baseline
0.4898,0.9884,active_vs_baseline
0.49,0.9884,active_vs_baseline
0.4902,0.9884,active_vs_baseline
0.4904,0.9884,active_vs_baseline
0.4906,0.9884,active_vs_baseline
0.4908,0.9884,active_vs_baseline
0.491,0.9884,active_vs_baseline
0.4912,0.9884,active_vs_baseline
0.4914,0.9884,active_vs_baseline
0.4918,0.9884,active_vs_baseline
0.492,0.9884,active_vs_baseline
0.4924,0.9884,active_vs_baseline
0.4926,0.9884,active_vs_baseline
0.493,0.9884,active_vs_baseline
0.4932,0.9884,active_vs_baseline
0.4934,0.9884,active_vs_baseline
0.4936,0.9884,active_vs_baseline
0.4938,0.9884,active_vs_baseline
0.4938,0.9886,active_vs_baseline
0.494,0.9886,active_vs_baseline
0.4942,0.9886,active_vs_baseline
0.4944,0.9886,active_vs_baseline
0.4946,0.9886,active_vs_baseline
0.4948,0.9886,active_vs_baseline
0.495,0.9886,active_vs_baseline
0.4952,0.9886,active_vs_baseline
0.4952,0.9888,active_vs_baseline
0.4956,0.9888,active_vs_baseline
0.4958,0.9888,active_vs_baseline
0.496,0.9888,active_vs_baseline
0.4966,0.9888,active_vs_baseline
0.4968,0.9888,active_vs_baseline
0.497,0.9888,active_vs_baseline
0.4972,0.9888,active_vs_baseline
0.4974,0.9888,active_vs_baseline
0.4976,0.9888,active_vs_baseline
0.4978,0.9888,active_vs_baseline
0.498,0.9888,active_vs_baseline
0.4982,0.989,active_vs_baseline
0.4984,0.989,active_vs_baseline
0.4986,0.989,active_vs_baseline
0.4988,0.989,active_vs_baseline
0.499,0.989,active_vs_baseline
0.4992,0.989,active_vs_baseline
0.4996,0.989,active_vs_baseline
0.4998,0.989,active_vs_baseline
0.5,0.989,active_vs_baseline
0.5002,0.989,active_vs_baseline
0.5004,0.989,active_vs_baseline
0.5006,0.989,active_vs_baseline
0.5008,0.989,active_vs_baseline
0.501,0.989,active_vs_baseline
0.5012,0.989,active_vs_baseline
0.5016,0.9892,active_vs_baseline
0.5016,0.9894,active_vs_baseline
0.5018,0.9894,active_vs_baseline
0.5022,0.9894,active_vs_baseline
0.5026,0.9894,active_vs_baseline
0.5028,0.9894,active_vs_baseline
0.503,0.9894,active_vs_baseline
0.5034,0.9894,active_vs_baseline
0.5038,0.9894,active_vs_baseline
0.504,0.9894,active_vs_baseline
0.5046,0.9894,active_vs_baseline
0.5048,0.9894,active_vs_baseline
0.5048,0.9896,active_vs_baseline
0.505,0.9896,active_vs_baseline
0.5052,0.9896,active_vs_baseline
0.5054,0.9896,active_vs_baseline
0.5056,0.9896,active_vs_baseline
0.5058,0.9896,active_vs_baseline
0.506,0.9898,active_vs_baseline
0.5062,0.99,active_vs_baseline
0.5064,0.99,active_vs_baseline
0.5066,0.99,active_vs_baseline
0.5068,0.99,active_vs_baseline
0.5072,0.99,active_vs_baseline
0.5074,0.99,active_vs_baseline
0.5078,0.99,active_vs_baseline
0.508,0.99,active_vs_baseline
0.5082,0.99,active_vs_baseline
0.5082,0.9902,active_vs_baseline
0.5084,0.9902,active_vs_baseline
0.5086,0.9902,active_vs_baseline
0.5088,0.9902,active_vs_baseline
0.509,0.9902,active_vs_baseline
0.509,0.9904,active_vs_baseline
0.5094,0.9904,active_vs_baseline
0.5096,0.9904,active_vs_baseline
0.5098,0.9904,active_vs_baseline
0.51,0.9904,active_vs_baseline
0.5102,0.9904,active_vs_baseline
0.5108,0.9904,active_vs_baseline
0.511,0.9904,active_vs_baseline
0.5112,0.9904,active_vs_baseline
0.5114,0.9904,active_vs_baseline
0.5116,0.9904,active_vs_baseline
0.512,0.9904,active_vs_baseline
0.5122,0.9904,active_vs_baseline
0.5124,0.9904,active_vs_baseline
0.5126,0.9904,active_vs_baseline
0.5128,0.9904,active_vs_baseline
0.513,0.9904,active_vs_baseline
0.5132,0.9904,active_vs_baseline
0.5134,0.9904,active_vs_baseline
0.5134,0.9906,active_vs_baseline
0.5136,0.9906,active_vs_baseline
0.5138,0.9906,active_vs_baseline
0.514,0.9906,active_vs_baseline
0.5142,0.9906,active_vs_baseline
0.5144,0.9906,active_vs_baseline
0.515,0.9906,active_vs_baseline
0.5152,0.9906,active_vs_baseline
0.5156,0.9906,active_vs_baseline
0.516,0.9906,active_vs_baseline
0.5162,0.9906,active_vs_baseline
0.5164,0.9906,active_vs_baseline
0.517,0.9906,active_vs_baseline
0.5172,0.9906,active_vs_baseline
0.5176,0.9906,active_vs_baseline
0.5178,0.9906,active_vs_baseline
0.518,0.9906,active_vs_baseline
0.5182,0.9906,active_vs_baseline
0.5186,0.9906,active_vs_baseline
0.5188,0.9906,active_vs_baseline
0.519,0.9906,active_vs_baseline
0.5192,0.991,active_vs_baseline
0.5194,0.991,active_vs_baseline
0.5196,0.991,active_vs_baseline
0.5198,0.991,active_vs_baseline
0.5198,0.9912,active_vs_baseline
0.5204,0.9912,active_vs_baseline
0.5206,0.9912,active_vs_baseline
0.5208,0.9912,active_vs_baseline
0.521,0.9912,active_vs_baseline
0.5212,0.9912,active_vs_baseline
0.5214,0.9912,active_vs_baseline
0.5216,0.9912,active_vs_baseline
0.5218,0.9912,active_vs_baseline
0.522,0.9912,active_vs_baseline
0.5224,0.9912,active_vs_baseline
0.5226,0.9912,active_vs_baseline
0.5228,0.9912,active_vs_baseline
0.5232,0.9912,active_vs_baseline
0.5236,0.9912,active_vs_baseline
0.5238,0.9912,active_vs_baseline
0.524,0.9912,active_vs_baseline
0.5242,0.9912,active_vs_baseline
0.5244,0.9914,active_vs_baseline
0.5246,0.9914,active_vs_baseline
0.5248,0.9914,active_vs_baseline
0.525,0.9914,active_vs_baseline
0.5252,0.9914,active_vs_baseline
0.5254,0.9914,active_vs_baseline
0.5254,0.9916,active_vs_baseline
0.5258,0.9918,active_vs_baseline
0.526,0.9918,active_vs_baseline
0.5262,0.9918,active_vs_baseline
0.5264,0.9918,active_vs_baseline
0.5266,0.9918,active_vs_baseline
0.5268,0.9918,active_vs_baseline
0.527,0.9918,active_vs_baseline
0.5272,0.9918,active_vs_baseline
0.5274,0.9918,active_vs_baseline
0.5276,0.9918,active_vs_baseline
0.5278,0.9918,active_vs_baseline
0.528,0.9918,active_vs_baseline
0.5284,0.9918,active_vs_baseline
0.5286,0.9918,active_vs_baseline
0.5286,0.992,active_vs_baseline
0.5288,0.992,active_vs_baseline
0.5292,0.992,active_vs_baseline
0.5298,0.992,active_vs_baseline
0.53,0.992,active_vs_baseline
0.5304,0.9922,active_vs_baseline
0.5306,0.9922,active_vs_baseline
0.5308,0.9922,active_vs_baseline
0.531,0.9922,active_vs_baseline
0.5312,0.9922,active_vs_baseline
0.5314,0.9922,active_vs_baseline
0.5316,0.9922,active_vs_baseline
0.5318,0.9922,active_vs_baseline
0.532,0.9922,active_vs_baseline
0.5322,0.9922,active_vs_baseline
0.5324,0.9922,active_vs_baseline
0.5326,0.9922,active_vs_baseline
0.5328,0.9922,active_vs_baseline
0.533,0.9924,active_vs_baseline
0.5332,0.9924,active_vs_baseline
0.5334,0.9924,active_vs_baseline
0.5334,0.9926,active_vs_baseline
0.5336,0.9926,active_vs_baseline
0.5338,0.9926,active_vs_baseline
0.534,0.9926,active_vs_baseline
0.5342,0.9926,active_vs_baseline
0.5344,0.9926,active_vs_baseline
0.5352,0.9926,active_vs_baseline
0.5358,0.9926,active_vs_baseline
0.536,0.9926,active_vs_baseline
0.5362,0.9926,active_vs_baseline
0.5364,0.9926,active_vs_baseline
0.5368,0.9926,active_vs_baseline
0.5376,0.9926,active_vs_baseline
0.5378,0.9926,active_vs_baseline
0.538,0.9926,active_vs_baseline
0.5382,0.9926,active_vs_baseline
0.5384,0.9926,active_vs_baseline
0.5386,0.9926,active_vs_baseline
0.5388,0.9926,active_vs_baseline
0.539,0.9926,active_vs_baseline
0.5394,0.9926,active_vs_baseline
0.5396,0.9926,active_vs_baseline
0.5398,0.9926,active_vs_baseline
0.54,0.9926,active_vs_baseline
0.5402,0.9926,active_vs_baseline
0.5404,0.9926,active_vs_baseline
0.5408,0.9926,active_vs_baseline
0.5414,0.9926,active_vs_baseline
0.5416,0.9926,active_vs_baseline
0.5418,0.9926,active_vs_baseline
0.542,0.9926,active_vs_baseline
0.5424,0.9926,active_vs_baseline
0.5426,0.9926,active_vs_baseline
0.5428,0.9926,active_vs_baseline
0.543,0.9926,active_vs_baseline
0.5432,0.9926,active_vs_baseline
0.5434,0.9926,active_vs_baseline
0.5438,0.9926,active_vs_baseline
0.5442,0.9926,active_vs_baseline
0.5444,0.9926,active_vs_baseline
0.5444,0.9928,active_vs_baseline
0.5446,0.9928,active_vs_baseline
0.5448,0.9928,active_vs_baseline
0.545,0.9928,active_vs_baseline
0.5454,0.9928,active_vs_baseline
0.5456,0.9928,active_vs_baseline
0.5458,0.9928,active_vs_baseline
0.546,0.9928,active_vs_baseline
0.5462,0.9928,active_vs_baseline
0.5466,0.9928,active_vs_baseline
0.5468,0.9928,active_vs_baseline
0.547,0.9928,active_vs_baseline
0.5472,0.9928,active_vs_baseline
0.5474,0.9928,active_vs_baseline
0.5476,0.9928,active_vs_baseline
0.5478,0.9928,active_vs_baseline
0.548,0.9928,active_vs_baseline
0.5482,0.9928,active_vs_baseline
0.5484,0.9928,active_vs_baseline
0.5486,0.9928,active_vs_baseline
0.5488,0.9928,active_vs_baseline
0.549,0.9928,active_vs_baseline
0.5492,0.9928,active_vs_baseline
0.5494,0.9928,active_vs_baseline
0.5494,0.993,active_vs_baseline
0.5496,0.993,active_vs_baseline
0.5498,0.993,active_vs_baseline
0.5498,0.9932,active_vs_baseline
0.5504,0.9932,active_vs_baseline
0.5506,0.9932,active_vs_baseline
0.5508,0.9932,active_vs_baseline
0.551,0.9932,active_vs_baseline
0.5516,0.9932,active_vs_baseline
0.5518,0.9932,active_vs_baseline
0.552,0.9932,active_vs_baseline
0.5522,0.9932,active_vs_baseline
0.5524,0.9932,active_vs_baseline
0.5526,0.9932,active_vs_baseline
0.553,0.9932,active_vs_baseline
0.5532,0.9932,active_vs_baseline
0.5534,0.9932,active_vs_baseline
0.5536,0.9932,active_vs_baseline
0.554,0.9932,active_vs_baseline
0.5542,0.9932,active_vs_baseline
0.5544,0.9932,active_vs_baseline
0.5546,0.9932,active_vs_baseline
0.5548,0.9932,active_vs_baseline
0.555,0.9932,active_vs_baseline
0.5552,0.9932,active_vs_baseline
0.556,0.9932,active_vs_baseline
0.5562,0.9932,active_vs_baseline
0.5564,0.9932,active_vs_baseline
0.5566,0.9932,active_vs_baseline
0.5568,0.9932,active_vs_baseline
0.557,0.9932,active_vs_baseline
0.5572,0.9932,active_vs_baseline
0.5574,0.9932,active_vs_baseline
0.5576,0.9932,active_vs_baseline
0.558,0.9932,active_vs_baseline
0.5582,0.9932,active_vs_baseline
0.5584,0.9932,active_vs_baseline
0.5586,0.9932,active_vs_baseline
0.5588,0.9932,active_vs_baseline
0.559,0.9932,active_vs_baseline
0.5592,0.9932,active_vs_baseline
0.5594,0.9932,active_vs_baseline
0.5596,0.9932,active_vs_baseline
0.56,0.9932,active_vs_baseline
0.5602,0.9932,active_vs_baseline
0.5604,0.9932,active_vs_baseline
0.5606,0.9932,active_vs_baseline
0.5608,0.9932,active_vs_baseline
0.561,0.9932,active_vs_baseline
0.5612,0.9932,active_vs_baseline
0.5614,0.9932,active_vs_baseline
0.5616,0.9932,active_vs_baseline
0.5618,0.9932,active_vs_baseline
0.562,0.9932,active_vs_baseline
0.5622,0.9932,active_vs_baseline
0.5624,0.9932,active_vs_baseline
0.5626,0.9932,active_vs_baseline
0.5628,0.9932,active_vs_baseline
0.563,0.9932,active_vs_baseline
0.5632,0.9932,active_vs_baseline
0.5634,0.9932,active_vs_baseline
0.564,0.9932,active_vs_baseline
0.564,0.9934,active_vs_baseline
0.5642,0.9934,active_vs_baseline
0.5646,0.9934,active_vs_baseline
0.565,0.9934,active_vs_baseline
0.5654,0.9934,active_vs_baseline
0.5654,0.9936,active_vs_baseline
0.5658,0.9936,active_vs_baseline
0.566,0.9936,active_vs_baseline
0.566,0.9938,active_vs_baseline
0.566,0.994,active_vs_baseline
0.5662,0.994,active_vs_baseline
0.5664,0.994,active_vs_baseline
0.5666,0.994,active_vs_baseline
0.5668,0.994,active_vs_baseline
0.567,0.994,active_vs_baseline
0.5672,0.994,active_vs_baseline
0.5674,0.994,active_vs_baseline
0.5676,0.994,active_vs_baseline
0.5678,0.994,active_vs_baseline
0.568,0.994,active_vs_baseline
0.5684,0.994,active_vs_baseline
0.5686,0.994,active_vs_baseline
0.5688,0.994,active_vs_baseline
0.569,0.994,active_vs_baseline
0.5692,0.994,active_vs_baseline
0.5694,0.994,active_vs_baseline
0.5696,0.994,active_vs_baseline
0.5698,0.994,active_vs_baseline
0.57,0.994,active_vs_baseline
0.5702,0.994,active_vs_baseline
0.5704,0.994,active_vs_baseline
0.5706,0.994,active_vs_baseline
0.5708,0.994,active_vs_baseline
0.571,0.994,active_vs_baseline
0.5712,0.994,active_vs_baseline
0.5714,0.994,active_vs_baseline
0.5718,0.994,active_vs_baseline
0.5722,0.994,active_vs_baseline
0.5724,0.994,active_vs_baseline
0.5728,0.994,active_vs_baseline
0.573,0.994,active_vs_baseline
0.5734,0.994,active_vs_baseline
0.5738,0.994,active_vs_baseline
0.574,0.994,active_vs_baseline
0.5742,0.994,active_vs_baseline
0.5744,0.994,active_vs_baseline
0.5748,0.994,active_vs_baseline
0.575,0.994,active_vs_baseline
0.5752,0.994,active_vs_baseline
0.5754,0.994,active_vs_baseline
0.576,0.994,active_vs_baseline
0.5762,0.994,active_vs_baseline
0.5766,0.994,active_vs_baseline
0.5768,0.994,active_vs_baseline
0.577,0.994,active_vs_baseline
0.5772,0.994,active_vs_baseline
0.5774,0.994,active_vs_baseline
0.5776,0.994,active_vs_baseline
0.5778,0.994,active_vs_baseline
0.578,0.994,active_vs_baseline
0.5782,0.994,active_vs_baseline
0.5784,0.994,active_vs_baseline
0.5786,0.994,active_vs_baseline
0.5788,0.994,active_vs_baseline
0.579,0.994,active_vs_baseline
0.5792,0.994,active_vs_baseline
0.5796,0.994,active_vs_baseline
0.5802,0.994,active_vs_baseline
0.5806,0.994,active_vs_baseline
0.5808,0.994,active_vs_baseline
0.581,0.994,active_vs_baseline
0.5812,0.994,active_vs_baseline
0.5814,0.994,active_vs_baseline
0.5816,0.994,active_vs_baseline
0.582,0.994,active_vs_baseline
0.5824,0.994,active_vs_baseline
0.5824,0.9942,active_vs_baseline
0.5826,0.9942,active_vs_baseline
0.5828,0.9942,active_vs_baseline
0.583,0.9942,active_vs_baseline
0.5832,0.9942,active_vs_baseline
0.5834,0.9942,active_vs_baseline
0.5836,0.9942,active_vs_baseline
0.5838,0.9942,active_vs_baseline
0.584,0.9942,active_vs_baseline
0.5842,0.9942,active_vs_baseline
0.5844,0.9942,active_vs_baseline
0.5846,0.9942,active_vs_baseline
0.5846,0.9944,active_vs_baseline
0.5848,0.9944,active_vs_baseline
0.5852,0.9944,active_vs_baseline
0.5854,0.9944,active_vs_baseline
0.5856,0.9944,active_vs_baseline
0.5858,0.9944,active_vs_baseline
0.5858,0.9946,active_vs_baseline
0.5862,0.9946,active_vs_baseline
0.5864,0.9946,active_vs_baseline
0.5866,0.9946,active_vs_baseline
0.5868,0.9946,active_vs_baseline
0.5872,0.9946,active_vs_baseline
0.5874,0.9946,active_vs_baseline
0.5876,0.9946,active_vs_baseline
0.5878,0.9946,active_vs_baseline
0.588,0.9946,active_vs_baseline
0.5882,0.9946,active_vs_baseline
0.5884,0.9946,active_vs_baseline
0.5888,0.9946,active_vs_baseline
0.589,0.9946,active_vs_baseline
0.5892,0.9946,active_vs_baseline
0.5894,0.9946,active_vs_baseline
0.5896,0.9946,active_vs_baseline
0.5898,0.9946,active_vs_baseline
0.5904,0.9946,active_vs_baseline
0.5906,0.9946,active_vs_baseline
0.591,0.9946,active_vs_baseline
0.5912,0.9946,active_vs_baseline
0.5914,0.9946,active_vs_baseline
0.5916,0.9946,active_vs_baseline
0.5918,0.9946,active_vs_baseline
0.592,0.9946,active_vs_baseline
0.5922,0.9946,active_vs_baseline
0.5924,0.9946,active_vs_baseline
0.5926,0.9946,active_vs_baseline
0.5928,0.9946,active_vs_baseline
0.593,0.9946,active_vs_baseline
0.5932,0.9946,active_vs_baseline
0.5934,0.9946,active_vs_baseline
0.594,0.9946,active_vs_baseline
0.5942,0.9946,active_vs_baseline
0.5946,0.9946,active_vs_baseline
0.5946,0.9948,active_vs_baseline
0.5948,0.9948,active_vs_baseline
0.595,0.9948,active_vs_baseline
0.5958,0.9948,active_vs_baseline
0.596,0.9948,active_vs_baseline
0.5962,0.9948,active_vs_baseline
0.5964,0.9948,active_vs_baseline
0.5966,0.9948,active_vs_baseline
0.5968,0.9948,active_vs_baseline
0.597,0.9948,active_vs_baseline
0.5972,0.9948,active_vs_baseline
0.5974,0.9948,active_vs_baseline
0.5976,0.9948,active_vs_baseline
0.5978,0.9948,active_vs_baseline
0.598,0.9948,active_vs_baseline
0.5982,0.9948,active_vs_baseline
0.5984,0.9948,active_vs_baseline
0.5988,0.9948,active_vs_baseline
0.599,0.9948,active_vs_baseline
0.5992,0.9948,active_vs_baseline
0.6,0.9948,active_vs_baseline
0.6002,0.9948,active_vs_baseline
0.6004,0.9948,active_vs_baseline
0.6006,0.9948,active_vs_baseline
0.6008,0.9948,active_vs_baseline
0.601,0.9948,active_vs_baseline
0.6012,0.9948,active_vs_baseline
0.6014,0.9948,active_vs_baseline
0.6016,0.9948,active_vs_baseline
0.6018,0.9948,active_vs_baseline
0.6022,0.9948,active_vs_baseline
0.6024,0.9948,active_vs_baseline
0.6026,0.9948,active_vs_baseline
0.6028,0.9948,active_vs_baseline
0.603,0.9948,active_vs_baseline
0.6032,0.9948,active_vs_baseline
0.6034,0.9948,active_vs_baseline
0.6036,0.9948,active_vs_baseline
0.6038,0.9948,active_vs_baseline
0.604,0.9948,active_vs_baseline
0.6042,0.9948,active_vs_baseline
0.6046,0.9948,active_vs_baseline
0.6048,0.9948,active_vs_baseline
0.605,0.9948,active_vs_baseline
0.6052,0.9948,active_vs_baseline
0.6054,0.9948,active_vs_baseline
0.6058,0.9948,active_vs_baseline
0.6062,0.9948,active_vs_baseline
0.6064,0.9948,active_vs_baseline
0.6066,0.9948,active_vs_baseline
0.6068,0.9948,active_vs_baseline
0.607,0.9948,active_vs_baseline
0.6076,0.9948,active_vs_baseline
0.6078,0.9948,active_vs_baseline
0.6082,0.9948,active_vs_baseline
0.6084,0.995,active_vs_baseline
0.6086,0.995,active_vs_baseline
0.6088,0.995,active_vs_baseline
0.609,0.995,active_vs_baseline
0.6092,0.995,active_vs_baseline
0.6094,0.995,active_vs_baseline
0.6096,0.995,active_vs_baseline
0.6098,0.995,active_vs_baseline
0.61,0.995,active_vs_baseline
0.6102,0.995,active_vs_baseline
0.6104,0.995,active_vs_baseline
0.6106,0.995,active_vs_baseline
0.6108,0.995,active_vs_baseline
0.611,0.995,active_vs_baseline
0.6112,0.995,active_vs_baseline
0.6114,0.995,active_vs_baseline
0.6116,0.995,active_vs_baseline
0.6118,0.995,active_vs_baseline
0.6122,0.995,active_vs_baseline
0.6124,0.995,active_vs_baseline
0.6126,0.995,active_vs_baseline
0.6128,0.995,active_vs_baseline
0.6132,0.995,active_vs_baseline
0.6134,0.995,active_vs_baseline
0.6134,0.9952,active_vs_baseline
0.6136,0.9952,active_vs_baseline
0.6138,0.9952,active_vs_baseline
0.614,0.9952,active_vs_baseline
0.6142,0.9952,active_vs_baseline
0.6144,0.9952,active_vs_baseline
0.6146,0.9952,active_vs_baseline
0.6148,0.9952,active_vs_baseline
0.615,0.9952,active_vs_baseline
0.6152,0.9952,active_vs_baseline
0.6156,0.9952,active_vs_baseline
0.6158,0.9952,active_vs_baseline
0.616,0.9952,active_vs_baseline
0.6162,0.9952,active_vs_baseline
0.6164,0.9952,active_vs_baseline
0.6166,0.9952,active_vs_baseline
0.6168,0.9952,active_vs_baseline
0.617,0.9952,active_vs_baseline
0.6172,0.9952,active_vs_baseline
0.6174,0.9952,active_vs_baseline
0.6176,0.9952,active_vs_baseline
0.6178,0.9952,active_vs_baseline
0.6184,0.9952,active_vs_baseline
0.6186,0.9952,active_vs_baseline
0.6188,0.9952,active_vs_baseline
0.619,0.9952,active_vs_baseline
0.6194,0.9952,active_vs_baseline
0.6196,0.9952,active_vs_baseline
0.6198,0.9952,active_vs_baseline
0.62,0.9952,active_vs_baseline
0.6202,0.9952,active_vs_baseline
0.6204,0.9952,active_vs_baseline
0.6206,0.9952,active_vs_baseline
0.6208,0.9952,active_vs_baseline
0.621,0.9952,active_vs_baseline
0.6212,0.9952,active_vs_baseline
0.6214,0.9952,active_vs_baseline
0.6216,0.9952,active_vs_baseline
0.6218,0.9952,active_vs_baseline
0.6218,0.9954,active_vs_baseline
0.622,0.9954,active_vs_baseline
0.6222,0.9954,active_vs_baseline
0.6224,0.9954,active_vs_baseline
0.6226,0.9954,active_vs_baseline
0.6228,0.9954,active_vs_baseline
0.623,0.9954,active_vs_baseline
0.6232,0.9954,active_vs_baseline
0.6234,0.9954,active_vs_baseline
0.6236,0.9954,active_vs_baseline
0.6238,0.9954,active_vs_baseline
0.624,0.9954,active_vs_baseline
0.6242,0.9954,active_vs_baseline
0.6246,0.9954,active_vs_baseline
0.6248,0.9954,active_vs_baseline
0.625,0.9954,active_vs_baseline
0.6252,0.9954,active_vs_baseline
0.6254,0.9954,active_vs_baseline
0.6256,0.9954,active_vs_baseline
0.6262,0.9954,active_vs_baseline
0.6264,0.9954,active_vs_baseline
0.6266,0.9954,active_vs_baseline
0.6268,0.9954,active_vs_baseline
0.627,0.9954,active_vs_baseline
0.6272,0.9954,active_vs_baseline
0.6276,0.9954,active_vs_baseline
0.6278,0.9954,active_vs_baseline
0.628,0.9954,active_vs_baseline
0.6282,0.9956,active_vs_baseline
0.6284,0.9956,active_vs_baseline
0.6286,0.9956,active_vs_baseline
0.6288,0.9956,active_vs_baseline
0.6292,0.9956,active_vs_baseline
0.6296,0.9956,active_vs_baseline
0.6298,0.9956,active_vs_baseline
0.63,0.9956,active_vs_baseline
0.6302,0.9956,active_vs_baseline
0.6304,0.9956,active_vs_baseline
0.6306,0.9956,active_vs_baseline
0.6308,0.9956,active_vs_baseline
0.631,0.9956,active_vs_baseline
0.6312,0.9956,active_vs_baseline
0.632,0.9956,active_vs_baseline
0.6324,0.9956,active_vs_baseline
0.6326,0.9956,active_vs_baseline
0.6328,0.9956,active_vs_baseline
0.633,0.9956,active_vs_baseline
0.6332,0.9956,active_vs_baseline
0.6336,0.9956,active_vs_baseline
0.6338,0.9956,active_vs_baseline
0.634,0.9956,active_vs_baseline
0.6342,0.9956,active_vs_baseline
0.6344,0.9956,active_vs_baseline
0.6348,0.9956,active_vs_baseline
0.635,0.9956,active_vs_baseline
0.6354,0.9956,active_vs_baseline
0.6358,0.9956,active_vs_baseline
0.636,0.9956,active_vs_baseline
0.6362,0.9956,active_vs_baseline
0.6364,0.9956,active_vs_baseline
0.6366,0.9956,active_vs_baseline
0.6368,0.9956,active_vs_baseline
0.637,0.9956,active_vs_baseline
0.6372,0.9956,active_vs_baseline
0.6372,0.9958,active_vs_baseline
0.6374,0.9958,active_vs_baseline
0.6376,0.9958,active_vs_baseline
0.638,0.9958,active_vs_baseline
0.6382,0.9958,active_vs_baseline
0.6384,0.9958,active_vs_baseline
0.6386,0.9958,active_vs_baseline
0.6388,0.9958,active_vs_baseline
0.639,0.9958,active_vs_baseline
0.6396,0.9958,active_vs_baseline
0.6398,0.996,active_vs_baseline
0.64,0.996,active_vs_baseline
0.6402,0.996,active_vs_baseline
0.6404,0.996,active_vs_baseline
0.6406,0.996,active_vs_baseline
0.6408,0.9962,active_vs_baseline
0.6412,0.9962,active_vs_baseline
0.642,0.9962,active_vs_baseline
0.6424,0.9962,active_vs_baseline
0.6426,0.9962,active_vs_baseline
0.6428,0.9962,active_vs_baseline
0.643,0.9962,active_vs_baseline
0.6432,0.9962,active_vs_baseline
0.6434,0.9962,active_vs_baseline
0.6436,0.9962,active_vs_baseline
0.6438,0.9962,active_vs_baseline
0.644,0.9962,active_vs_baseline
0.6442,0.9962,active_vs_baseline
0.6444,0.9962,active_vs_baseline
0.6446,0.9962,active_vs_baseline
0.6448,0.9962,active_vs_baseline
0.645,0.9962,active_vs_baseline
0.6452,0.9962,active_vs_baseline
0.6454,0.9962,active_vs_baseline
0.6456,0.9962,active_vs_baseline
0.6458,0.9962,active_vs_baseline
0.6462,0.9962,active_vs_baseline
0.6464,0.9962,active_vs_baseline
0.6468,0.9962,active_vs_baseline
0.647,0.9962,active_vs_baseline
0.6472,0.9962,active_vs_baseline
0.6474,0.9962,active_vs_baseline
0.6476,0.9962,active_vs_baseline
0.6478,0.9962,active_vs_baseline
0.648,0.9962,active_vs_baseline
0.6482,0.9962,active_vs_baseline
0.6484,0.9962,active_vs_baseline
0.649,0.9962,active_vs_baseline
0.6492,0.9962,active_vs_baseline
0.6492,0.9964,active_vs_baseline
0.6494,0.9964,active_vs_baseline
0.6494,0.9966,active_vs_baseline
0.65,0.9966,active_vs_baseline
0.6504,0.9966,active_vs_baseline
0.6506,0.9966,active_vs_baseline
0.6508,0.9966,active_vs_baseline
0.6512,0.9966,active_vs_baseline
0.6514,0.9966,active_vs_baseline
0.6518,0.9966,active_vs_baseline
0.652,0.9966,active_vs_baseline
0.6528,0.9966,active_vs_baseline
0.653,0.9966,active_vs_baseline
0.6532,0.9966,active_vs_baseline
0.6534,0.9966,active_vs_baseline
0.6536,0.9966,active_vs_baseline
0.6538,0.9966,active_vs_baseline
0.6538,0.9968,active_vs_baseline
0.654,0.9968,active_vs_baseline
0.6542,0.9968,active_vs_baseline
0.6544,0.9968,active_vs_baseline
0.6546,0.9968,active_vs_baseline
0.6546,0.997,active_vs_baseline
0.6548,0.997,active_vs_baseline
0.655,0.997,active_vs_baseline
0.6554,0.997,active_vs_baseline
0.6556,0.997,active_vs_baseline
0.6558,0.997,active_vs_baseline
0.656,0.997,active_vs_baseline
0.6564,0.997,active_vs_baseline
0.6566,0.997,active_vs_baseline
0.6572,0.997,active_vs_baseline
0.6574,0.997,active_vs_baseline
0.6578,0.997,active_vs_baseline
0.6582,0.997,active_vs_baseline
0.6586,0.997,active_vs_baseline
0.6588,0.997,active_vs_baseline
0.659,0.997,active_vs_baseline
0.6594,0.997,active_vs_baseline
0.6596,0.997,active_vs_baseline
0.6598,0.997,active_vs_baseline
0.66,0.997,active_vs_baseline
0.6602,0.997,active_vs_baseline
0.6606,0.997,active_vs_baseline
0.6608,0.997,active_vs_baseline
0.6612,0.997,active_vs_baseline
0.6614,0.997,active_vs_baseline
0.6618,0.997,active_vs_baseline
0.662,0.9972,active_vs_baseline
0.6622,0.9972,active_vs_baseline
0.6624,0.9972,active_vs_baseline
0.6626,0.9972,active_vs_baseline
0.6628,0.9972,active_vs_baseline
0.663,0.9972,active_vs_baseline
0.6632,0.9972,active_vs_baseline
0.6634,0.9972,active_vs_baseline
0.6636,0.9972,active_vs_baseline
0.6638,0.9972,active_vs_baseline
0.664,0.9972,active_vs_baseline
0.6644,0.9972,active_vs_baseline
0.6646,0.9972,active_vs_baseline
0.6648,0.9972,active_vs_baseline
0.6652,0.9972,active_vs_baseline
0.6656,0.9972,active_vs_baseline
0.6658,0.9972,active_vs_baseline
0.666,0.9972,active_vs_baseline
0.6662,0.9972,active_vs_baseline
0.6664,0.9972,active_vs_baseline
0.6668,0.9972,active_vs_baseline
0.667,0.9972,active_vs_baseline
0.6672,0.9972,active_vs_baseline
0.6674,0.9972,active_vs_baseline
0.6678,0.9972,active_vs_baseline
0.668,0.9972,active_vs_baseline
0.6682,0.9972,active_vs_baseline
0.6682,0.9974,active_vs_baseline
0.6684,0.9974,active_vs_baseline
0.6686,0.9974,active_vs_baseline
0.6688,0.9974,active_vs_baseline
0.669,0.9974,active_vs_baseline
0.6692,0.9974,active_vs_baseline
0.6696,0.9974,active_vs_baseline
0.6698,0.9974,active_vs_baseline
0.67,0.9974,active_vs_baseline
0.6702,0.9974,active_vs_baseline
0.6706,0.9974,active_vs_baseline
0.6708,0.9976,active_vs_baseline
0.6712,0.9976,active_vs_baseline
0.6716,0.9976,active_vs_baseline
0.6718,0.9976,active_vs_baseline
0.6722,0.9976,active_vs_baseline
0.6726,0.9976,active_vs_baseline
0.6728,0.9976,active_vs_baseline
0.673,0.9976,active_vs_baseline
0.6732,0.9976,active_vs_baseline
0.6734,0.9976,active_vs_baseline
0.6736,0.9976,active_vs_baseline
0.6742,0.9976,active_vs_baseline
0.6746,0.9976,active_vs_baseline
0.6748,0.9976,active_vs_baseline
0.675,0.9976,active_vs_baseline
0.6752,0.9976,active_vs_baseline
0.6754,0.9976,active_vs_baseline
0.6756,0.9976,active_vs_baseline
0.676,0.9976,active_vs_baseline
0.6762,0.9976,active_vs_baseline
0.6764,0.9976,active_vs_baseline
0.6766,0.9976,active_vs_baseline
0.6768,0.9976,active_vs_baseline
0.6772,0.9976,active_vs_baseline
0.6774,0.9976,active_vs_baseline
0.6776,0.9976,active_vs_baseline
0.6778,0.9976,active_vs_baseline
0.678,0.9976,active_vs_baseline
0.6782,0.9976,active_vs_baseline
0.6786,0.9976,active_vs_baseline
0.6788,0.9976,active_vs_baseline
0.679,0.9976,active_vs_baseline
0.6792,0.9976,active_vs_baseline
0.6794,0.9976,active_vs_baseline
0.6798,0.9976,active_vs_baseline
0.68,0.9976,active_vs_baseline
0.6802,0.9976,active_vs_baseline
0.6804,0.9976,active_vs_baseline
0.6806,0.9976,active_vs_baseline
0.6808,0.9976,active_vs_baseline
0.6812,0.9976,active_vs_baseline
0.6814,0.9976,active_vs_baseline
0.6816,0.9976,active_vs_baseline
0.6818,0.9976,active_vs_baseline
0.682,0.9976,active_vs_baseline
0.6822,0.9976,active_vs_baseline
0.6824,0.9976,active_vs_baseline
0.6828,0.9976,active_vs_baseline
0.683,0.9976,active_vs_baseline
0.6832,0.9976,active_vs_baseline
0.6838,0.9976,active_vs_baseline
0.684,0.9976,active_vs_baseline
0.6842,0.9976,active_vs_baseline
0.6844,0.9976,active_vs_baseline
0.6846,0.9976,active_vs_baseline
0.685,0.9976,active_vs_baseline
0.685,0.9978,active_vs_baseline
0.6852,0.9978,active_vs_baseline
0.6858,0.9978,active_vs_baseline
0.686,0.9978,active_vs_baseline
0.6862,0.9978,active_vs_baseline
0.6864,0.9978,active_vs_baseline
0.6866,0.9978,active_vs_baseline
0.6868,0.9978,active_vs_baseline
0.687,0.9978,active_vs_baseline
0.6872,0.9978,active_vs_baseline
0.6874,0.9978,active_vs_baseline
0.6882,0.9978,active_vs_baseline
0.6886,0.9978,active_vs_baseline
0.6888,0.9978,active_vs_baseline
0.689,0.9978,active_vs_baseline
0.6892,0.9978,active_vs_baseline
0.6894,0.9978,active_vs_baseline
0.6896,0.9978,active_vs_baseline
0.6898,0.9978,active_vs_baseline
0.69,0.9978,active_vs_baseline
0.6904,0.9978,active_vs_baseline
0.6906,0.9978,active_vs_baseline
0.6908,0.9978,active_vs_baseline
0.691,0.9978,active_vs_baseline
0.6914,0.9978,active_vs_baseline
0.6916,0.9978,active_vs_baseline
0.6918,0.9978,active_vs_baseline
0.692,0.9978,active_vs_baseline
0.6922,0.9978,active_vs_baseline
0.6924,0.9978,active_vs_baseline
0.6926,0.9978,active_vs_baseline
0.6934,0.9978,active_vs_baseline
0.6936,0.9978,active_vs_baseline
0.6938,0.9978,active_vs_baseline
0.694,0.9978,active_vs_baseline
0.6942,0.9978,active_vs_baseline
0.6944,0.9978,active_vs_baseline
0.6948,0.9978,active_vs_baseline
0.695,0.9978,active_vs_baseline
0.6952,0.9978,active_vs_baseline
0.6954,0.9978,active_vs_baseline
0.6956,0.9978,active_vs_baseline
0.6958,0.9978,active_vs_baseline
0.696,0.9978,active_vs_baseline
0.6962,0.9978,active_vs_baseline
0.6964,0.9978,active_vs_baseline
0.6966,0.9978,active_vs_baseline
0.6968,0.9978,active_vs_baseline
0.697,0.9978,active_vs_baseline
0.6972,0.9978,active_vs_baseline
0.6974,0.9978,active_vs_baseline
0.6976,0.9978,active_vs_baseline
0.6978,0.9978,active_vs_baseline
0.698,0.9978,active_vs_baseline
0.6982,0.9978,active_vs_baseline
0.6984,0.9978,active_vs_baseline
0.6984,0.998,active_vs_baseline
0.6986,0.998,active_vs_baseline
0.6988,0.998,active_vs_baseline
0.699,0.998,active_vs_baseline
0.6992,0.998,active_vs_baseline
0.6994,0.9982,active_vs_baseline
0.6996,0.9982,active_vs_baseline
0.6998,0.9982,active_vs_baseline
0.7,0.9982,active_vs_baseline
0.7004,0.9982,active_vs_baseline
0.7006,0.9982,active_vs_baseline
0.7008,0.9982,active_vs_baseline
0.701,0.9982,active_vs_baseline
0.7012,0.9982,active_vs_baseline
0.7014,0.9982,active_vs_baseline
0.7016,0.9982,active_vs_baseline
0.7018,0.9982,active_vs_baseline
0.702,0.9982,active_vs_baseline
0.7022,0.9982,active_vs_baseline
0.7024,0.9982,active_vs_baseline
0.7026,0.9982,active_vs_baseline
0.7028,0.9982,active_vs_baseline
0.703,0.9982,active_vs_baseline
0.7032,0.9982,active_vs_baseline
0.7038,0.9982,active_vs_baseline
0.704,0.9982,active_vs_baseline
0.7042,0.9982,active_vs_baseline
0.7046,0.9982,active_vs_baseline
0.7048,0.9982,active_vs_baseline
0.705,0.9982,active_vs_baseline
0.7052,0.9982,active_vs_baseline
0.7054,0.9982,active_vs_baseline
0.7056,0.9982,active_vs_baseline
0.7058,0.9982,active_vs_baseline
0.706,0.9982,active_vs_baseline
0.7064,0.9982,active_vs_baseline
0.7068,0.9982,active_vs_baseline
0.707,0.9982,active_vs_baseline
0.7072,0.9982,active_vs_baseline
0.7076,0.9982,active_vs_baseline
0.708,0.9982,active_vs_baseline
0.7082,0.9982,active_vs_baseline
0.7084,0.9982,active_vs_baseline
0.7088,0.9982,active_vs_baseline
0.709,0.9982,active_vs_baseline
0.7092,0.9982,active_vs_baseline
0.7094,0.9982,active_vs_baseline
0.7098,0.9982,active_vs_baseline
0.71,0.9982,active_vs_baseline
0.7102,0.9982,active_vs_baseline
0.7102,0.9984,active_vs_baseline
0.7108,0.9984,active_vs_baseline
0.711,0.9984,active_vs_baseline
0.7112,0.9984,active_vs_baseline
0.7114,0.9984,active_vs_baseline
0.7122,0.9984,active_vs_baseline
0.7124,0.9984,active_vs_baseline
0.7128,0.9984,active_vs_baseline
0.713,0.9984,active_vs_baseline
0.7132,0.9984,active_vs_baseline
0.7134,0.9984,active_vs_baseline
0.7136,0.9984,active_vs_baseline
0.7138,0.9984,active_vs_baseline
0.714,0.9984,active_vs_baseline
0.7142,0.9984,active_vs_baseline
0.7148,0.9984,active_vs_baseline
0.715,0.9984,active_vs_baseline
0.7152,0.9984,active_vs_baseline
0.7154,0.9984,active_vs_baseline
0.7156,0.9984,active_vs_baseline
0.716,0.9984,active_vs_baseline
0.7166,0.9984,active_vs_baseline
0.7168,0.9984,active_vs_baseline
0.717,0.9984,active_vs_baseline
0.7172,0.9984,active_vs_baseline
0.7174,0.9984,active_vs_baseline
0.7176,0.9984,active_vs_baseline
0.7178,0.9984,active_vs_baseline
0.7182,0.9984,active_vs_baseline
0.7184,0.9984,active_vs_baseline
0.7186,0.9984,active_vs_baseline
0.7192,0.9984,active_vs_baseline
0.7194,0.9984,active_vs_baseline
0.7196,0.9984,active_vs_baseline
0.7198,0.9984,active_vs_baseline
0.72,0.9984,active_vs_baseline
0.72,0.9986,active_vs_baseline
0.7202,0.9986,active_vs_baseline
0.7204,0.9986,active_vs_baseline
0.7206,0.9986,active_vs_baseline
0.7208,0.9986,active_vs_baseline
0.721,0.9986,active_vs_baseline
0.7212,0.9986,active_vs_baseline
0.7214,0.9986,active_vs_baseline
0.7216,0.9986,active_vs_baseline
0.722,0.9986,active_vs_baseline
0.7222,0.9986,active_vs_baseline
0.7224,0.9986,active_vs_baseline
0.7226,0.9986,active_vs_baseline
0.7228,0.9986,active_vs_baseline
0.7232,0.9986,active_vs_baseline
0.7234,0.9986,active_vs_baseline
0.7236,0.9986,active_vs_baseline
0.7238,0.9986,active_vs_baseline
0.724,0.9986,active_vs_baseline
0.7246,0.9986,active_vs_baseline
0.7248,0.9986,active_vs_baseline
0.7252,0.9986,active_vs_baseline
0.7254,0.9986,active_vs_baseline
0.7256,0.9986,active_vs_baseline
0.7258,0.9986,active_vs_baseline
0.726,0.9986,active_vs_baseline
0.7262,0.9986,active_vs_baseline
0.7264,0.9986,active_vs_baseline
0.7266,0.9986,active_vs_baseline
0.7268,0.9986,active_vs_baseline
0.727,0.9986,active_vs_baseline
0.7272,0.9986,active_vs_baseline
0.7284,0.9986,active_vs_baseline
0.7286,0.9986,active_vs_baseline
0.7288,0.9986,active_vs_baseline
0.7292,0.9986,active_vs_baseline
0.7296,0.9986,active_vs_baseline
0.7298,0.9986,active_vs_baseline
0.73,0.9986,active_vs_baseline
0.7302,0.9986,active_vs_baseline
0.7304,0.9986,active_vs_baseline
0.7306,0.9986,active_vs_baseline
0.7308,0.9986,active_vs_baseline
0.731,0.9986,active_vs_baseline
0.7312,0.9986,active_vs_baseline
0.7314,0.9986,active_vs_baseline
0.7316,0.9986,active_vs_baseline
0.7318,0.9986,active_vs_baseline
0.7322,0.9986,active_vs_baseline
0.7324,0.9986,active_vs_baseline
0.7326,0.9986,active_vs_baseline
0.7328,0.9986,active_vs_baseline
0.733,0.9986,active_vs_baseline
0.733,0.9988,active_vs_baseline
0.7334,0.9988,active_vs_baseline
0.7336,0.9988,active_vs_baseline
0.7338,0.9988,active_vs_baseline
0.734,0.9988,active_vs_baseline
0.7342,0.9988,active_vs_baseline
0.7344,0.9988,active_vs_baseline
0.7348,0.9988,active_vs_baseline
0.735,0.9988,active_vs_baseline
0.7352,0.9988,active_vs_baseline
0.7354,0.9988,active_vs_baseline
0.7356,0.9988,active_vs_baseline
0.736,0.9988,active_vs_baseline
0.7362,0.9988,active_vs_baseline
0.7368,0.9988,active_vs_baseline
0.737,0.9988,active_vs_baseline
0.7372,0.9988,active_vs_baseline
0.7374,0.9988,active_vs_baseline
0.7376,0.9988,active_vs_baseline
0.7378,0.9988,active_vs_baseline
0.738,0.9988,active_vs_baseline
0.7384,0.9988,active_vs_baseline
0.7386,0.9988,active_vs_baseline
0.739,0.9988,active_vs_baseline
0.7392,0.9988,active_vs_baseline
0.7394,0.9988,active_vs_baseline
0.7396,0.9988,active_vs_baseline
0.7398,0.9988,active_vs_baseline
0.74,0.9988,active_vs_baseline
0.7402,0.9988,active_vs_baseline
0.7404,0.9988,active_vs_baseline
0.7406,0.9988,active_vs_baseline
0.7408,0.9988,active_vs_baseline
0.741,0.9988,active_vs_baseline
0.7414,0.9988,active_vs_baseline
0.7416,0.9988,active_vs_baseline
0.7418,0.9988,active_vs_baseline
0.742,0.9988,active_vs_baseline
0.7422,0.9988,active_vs_baseline
0.7424,0.9988,active_vs_baseline
0.7426,0.9988,active_vs_baseline
0.7428,0.9988,active_vs_baseline
0.743,0.9988,active_vs_baseline
0.7432,0.9988,active_vs_baseline
0.7438,0.9988,active_vs_baseline
0.744,0.9988,active_vs_baseline
0.7442,0.9988,active_vs_baseline
0.7446,0.9988,active_vs_baseline
0.7448,0.9988,active_vs_baseline
0.7452,0.9988,active_vs_baseline
0.7454,0.9988,active_vs_baseline
0.7456,0.9988,active_vs_baseline
0.7458,0.9988,active_vs_baseline
0.746,0.9988,active_vs_baseline
0.7462,0.9988,active_vs_baseline
0.7464,0.9988,active_vs_baseline
0.7466,0.9988,active_vs_baseline
0.7468,0.9988,active_vs_baseline
0.747,0.9988,active_vs_baseline
0.7472,0.9988,active_vs_baseline
0.7474,0.9988,active_vs_baseline
0.7478,0.9988,active_vs_baseline
0.748,0.9988,active_vs_baseline
0.7482,0.9988,active_vs_baseline
0.7484,0.9988,active_vs_baseline
0.7488,0.9988,active_vs_baseline
0.7492,0.9988,active_vs_baseline
0.7494,0.9988,active_vs_baseline
0.7496,0.9988,active_vs_baseline
0.7498,0.9988,active_vs_baseline
0.75,0.9988,active_vs_baseline
0.7502,0.9988,active_vs_baseline
0.7504,0.9988,active_vs_baseline
0.7508,0.9988,active_vs_baseline
0.751,0.9988,active_vs_baseline
0.7512,0.9988,active_vs_baseline
0.7514,0.9988,active_vs_baseline
0.7516,0.9988,active_vs_baseline
0.7518,0.9988,active_vs_baseline
0.752,0.9988,active_vs_baseline
0.7524,0.9988,active_vs_baseline
0.7528,0.9988,active_vs_baseline
0.753,0.9988,active_vs_baseline
0.7532,0.9988,active_vs_baseline
0.7538,0.9988,active_vs_baseline
0.754,0.9988,active_vs_baseline
0.7542,0.9988,active_vs_baseline
0.7546,0.9988,active_vs_baseline
0.7548,0.9988,active_vs_baseline
0.7552,0.9988,active_vs_baseline
0.7554,0.9988,active_vs_baseline
0.7556,0.9988,active_vs_baseline
0.7558,0.9988,active_vs_baseline
0.7562,0.9988,active_vs_baseline
0.7564,0.9988,active_vs_baseline
0.7566,0.9988,active_vs_baseline
0.7568,0.9988,active_vs_baseline
0.757,0.9988,active_vs_baseline
0.7572,0.9988,active_vs_baseline
0.7574,0.9988,active_vs_baseline
0.7576,0.9988,active_vs_baseline
0.7578,0.9988,active_vs_baseline
0.7582,0.9988,active_vs_baseline
0.7584,0.9988,active_vs_baseline
0.7586,0.9988,active_vs_baseline
0.7588,0.9988,active_vs_baseline
0.759,0.9988,active_vs_baseline
0.7592,0.9988,active_vs_baseline
0.7594,0.9988,active_vs_baseline
0.7596,0.9988,active_vs_baseline
0.7598,0.9988,active_vs_baseline
0.76,0.9988,active_vs_baseline
0.7602,0.9988,active_vs_baseline
0.761,0.9988,active_vs_baseline
0.7612,0.9988,active_vs_baseline
0.7614,0.9988,active_vs_baseline
0.7618,0.9988,active_vs_baseline
0.762,0.9988,active_vs_baseline
0.7622,0.9988,active_vs_baseline
0.7624,0.9988,active_vs_baseline
0.7626,0.9988,active_vs_baseline
0.7628,0.9988,active_vs_baseline
0.763,0.9988,active_vs_baseline
0.7632,0.9988,active_vs_baseline
0.7636,0.9988,active_vs_baseline
0.7638,0.9988,active_vs_baseline
0.764,0.9988,active_vs_baseline
0.7644,0.9988,active_vs_baseline
0.7648,0.9988,active_vs_baseline
0.765,0.9988,active_vs_baseline
0.7652,0.9988,active_vs_baseline
0.7656,0.9988,active_vs_baseline
0.7656,0.999,active_vs_baseline
0.766,0.999,active_vs_baseline
0.7662,0.999,active_vs_baseline
0.7664,0.999,active_vs_baseline
0.7666,0.999,active_vs_baseline
0.7668,0.999,active_vs_baseline
0.767,0.999,active_vs_baseline
0.7672,0.999,active_vs_baseline
0.7674,0.999,active_vs_baseline
0.7676,0.999,active_vs_baseline
0.7678,0.999,active_vs_baseline
0.7684,0.999,active_vs_baseline
0.7686,0.999,active_vs_baseline
0.7688,0.999,active_vs_baseline
0.7692,0.999,active_vs_baseline
0.7694,0.999,active_vs_baseline
0.7698,0.999,active_vs_baseline
0.77,0.999,active_vs_baseline
0.7702,0.999,active_vs_baseline
0.7704,0.999,active_vs_baseline
0.7706,0.999,active_vs_baseline
0.7708,0.999,active_vs_baseline
0.771,0.999,active_vs_baseline
0.7712,0.999,active_vs_baseline
0.7714,0.999,active_vs_baseline
0.7716,0.999,active_vs_baseline
0.7722,0.999,active_vs_baseline
0.7724,0.999,active_vs_baseline
0.7726,0.999,active_vs_baseline
0.7728,0.999,active_vs_baseline
0.773,0.999,active_vs_baseline
0.7736,0.999,active_vs_baseline
0.7738,0.999,active_vs_baseline
0.774,0.999,active_vs_baseline
0.7742,0.999,active_vs_baseline
0.7746,0.999,active_vs_baseline
0.7748,0.999,active_vs_baseline
0.7754,0.999,active_vs_baseline
0.7756,0.999,active_vs_baseline
0.7756,0.9992,active_vs_baseline
0.776,0.9992,active_vs_baseline
0.7762,0.9992,active_vs_baseline
0.7766,0.9992,active_vs_baseline
0.7768,0.9992,active_vs_baseline
0.777,0.9992,active_vs_baseline
0.7772,0.9992,active_vs_baseline
0.7774,0.9992,active_vs_baseline
0.7778,0.9992,active_vs_baseline
0.778,0.9992,active_vs_baseline
0.7782,0.9992,active_vs_baseline
0.7786,0.9992,active_vs_baseline
0.7788,0.9992,active_vs_baseline
0.779,0.9992,active_vs_baseline
0.7792,0.9992,active_vs_baseline
0.7794,0.9992,active_vs_baseline
0.7796,0.9992,active_vs_baseline
0.7798,0.9992,active_vs_baseline
0.78,0.9992,active_vs_baseline
0.7802,0.9992,active_vs_baseline
0.7804,0.9992,active_vs_baseline
0.7806,0.9992,active_vs_baseline
0.7808,0.9992,active_vs_baseline
0.781,0.9992,active_vs_baseline
0.7812,0.9992,active_vs_baseline
0.7814,0.9992,active_vs_baseline
0.7818,0.9992,active_vs_baseline
0.782,0.9992,active_vs_baseline
0.7822,0.9992,active_vs_baseline
0.7824,0.9992,active_vs_baseline
0.7826,0.9992,active_vs_baseline
0.7828,0.9992,active_vs_baseline
0.783,0.9992,active_vs_baseline
0.7832,0.9992,active_vs_baseline
0.7834,0.9992,active_vs_baseline
0.7836,0.9992,active_vs_baseline
0.7838,0.9992,active_vs_baseline
0.784,0.9992,active_vs_baseline
0.7844,0.9992,active_vs_baseline
0.7846,0.9992,active_vs_baseline
0.785,0.9992,active_vs_baseline
0.7852,0.9992,active_vs_baseline
0.7854,0.9992,active_vs_baseline
0.7856,0.9992,active_vs_baseline
0.7858,0.9992,active_vs_baseline
0.786,0.9992,active_vs_baseline
0.7864,0.9992,active_vs_baseline
0.7866,0.9992,active_vs_baseline
0.7868,0.9992,active_vs_baseline
0.787,0.9992,active_vs_baseline
0.7874,0.9992,active_vs_baseline
0.7876,0.9992,active_vs_baseline
0.7878,0.9992,active_vs_baseline
0.7882,0.9992,active_vs_baseline
0.7884,0.9992,active_vs_baseline
0.7886,0.9992,active_vs_baseline
0.7888,0.9992,active_vs_baseline
0.7892,0.9992,active_vs_baseline
0.7896,0.9992,active_vs_baseline
0.7898,0.9992,active_vs_baseline
0.79,0.9992,active_vs_baseline
0.7902,0.9992,active_vs_baseline
0.7904,0.9992,active_vs_baseline
0.7906,0.9992,active_vs_baseline
0.7908,0.9992,active_vs_baseline
0.791,0.9992,active_vs_baseline
0.7912,0.9992,active_vs_baseline
0.7914,0.9992,active_vs_baseline
0.7916,0.9992,active_vs_baseline
0.7918,0.9992,active_vs_baseline
0.792,0.9992,active_vs_baseline
0.7924,0.9992,active_vs_baseline
0.7926,0.9992,active_vs_baseline
0.7928,0.9992,active_vs_baseline
0.7932,0.9992,active_vs_baseline
0.7934,0.9992,active_vs_baseline
0.7936,0.9992,active_vs_baseline
0.7938,0.9992,active_vs_baseline
0.794,0.9992,active_vs_baseline
0.7942,0.9992,active_vs_baseline
0.7946,0.9992,active_vs_baseline
0.7948,0.9992,active_vs_baseline
0.795,0.9992,active_vs_baseline
0.7952,0.9992,active_vs_baseline
0.7954,0.9992,active_vs_baseline
0.7958,0.9992,active_vs_baseline
0.796,0.9992,active_vs_baseline
0.7962,0.9992,active_vs_baseline
0.7966,0.9992,active_vs_baseline
0.7968,0.9992,active_vs_baseline
0.797,0.9992,active_vs_baseline
0.7972,0.9992,active_vs_baseline
0.7974,0.9992,active_vs_baseline
0.7976,0.9992,active_vs_baseline
0.7978,0.9992,active_vs_baseline
0.798,0.9992,active_vs_baseline
0.7984,0.9992,active_vs_baseline
0.7986,0.9992,active_vs_baseline
0.7996,0.9992,active_vs_baseline
0.7998,0.9992,active_vs_baseline
0.8,0.9992,active_vs_baseline
0.8002,0.9992,active_vs_baseline
0.8004,0.9992,active_vs_baseline
0.8006,0.9992,active_vs_baseline
0.801,0.9992,active_vs_baseline
0.8014,0.9992,active_vs_baseline
0.8016,0.9992,active_vs_baseline
0.8018,0.9992,active_vs_baseline
0.802,0.9992,active_vs_baseline
0.8022,0.9992,active_vs_baseline
0.8024,0.9992,active_vs_baseline
0.8026,0.9992,active_vs_baseline
0.8028,0.9992,active_vs_baseline
0.803,0.9992,active_vs_baseline
0.8032,0.9992,active_vs_baseline
0.8034,0.9992,active_vs_baseline
0.8036,0.9992,active_vs_baseline
0.8038,0.9992,active_vs_baseline
0.804,0.9994,active_vs_baseline
0.8042,0.9994,active_vs_baseline
0.8044,0.9994,active_vs_baseline
0.8046,0.9994,active_vs_baseline
0.8048,0.9994,active_vs_baseline
0.805,0.9994,active_vs_baseline
0.8056,0.9996,active_vs_baseline
0.8058,0.9996,active_vs_baseline
0.806,0.9996,active_vs_baseline
0.8062,0.9996,active_vs_baseline
0.8066,0.9996,active_vs_baseline
0.8068,0.9996,active_vs_baseline
0.8074,0.9996,active_vs_baseline
0.8076,0.9996,active_vs_baseline
0.8078,0.9996,active_vs_baseline
0.8086,0.9996,active_vs_baseline
0.809,0.9996,active_vs_baseline
0.8092,0.9996,active_vs_baseline
0.8094,0.9996,active_vs_baseline
0.8096,0.9996,active_vs_baseline
0.8098,0.9996,active_vs_baseline
0.81,0.9996,active_vs_baseline
0.8102,0.9996,active_vs_baseline
0.8104,0.9996,active_vs_baseline
0.8106,0.9996,active_vs_baseline
0.8108,0.9996,active_vs_baseline
0.811,0.9996,active_vs_baseline
0.8112,0.9996,active_vs_baseline
0.8114,0.9996,active_vs_baseline
0.8116,0.9996,active_vs_baseline
0.8118,0.9996,active_vs_baseline
0.8122,0.9996,active_vs_baseline
0.8124,0.9996,active_vs_baseline
0.8126,0.9996,active_vs_baseline
0.8128,0.9996,active_vs_baseline
0.813,0.9996,active_vs_baseline
0.8132,0.9996,active_vs_baseline
0.8138,0.9996,active_vs_baseline
0.814,0.9996,active_vs_baseline
0.8142,0.9996,active_vs_baseline
0.8144,0.9996,active_vs_baseline
0.8146,0.9996,active_vs_baseline
0.8148,0.9996,active_vs_baseline
0.815,0.9996,active_vs_baseline
0.8152,0.9996,active_vs_baseline
0.8156,0.9996,active_vs_baseline
0.8158,0.9996,active_vs_baseline
0.816,0.9996,active_vs_baseline
0.8162,0.9996,active_vs_baseline
0.8164,0.9996,active_vs_baseline
0.8166,0.9996,active_vs_baseline
0.817,0.9996,active_vs_baseline
0.8172,0.9996,active_vs_baseline
0.8174,0.9996,active_vs_baseline
0.8176,0.9996,active_vs_baseline
0.8178,0.9996,active_vs_baseline
0.818,0.9996,active_vs_baseline
0.8184,0.9996,active_vs_baseline
0.8186,0.9996,active_vs_baseline
0.8188,0.9996,active_vs_baseline
0.8194,0.9996,active_vs_baseline
0.8196,0.9996,active_vs_baseline
0.8198,0.9996,active_vs_baseline
0.82,0.9996,active_vs_baseline
0.8202,0.9996,active_vs_baseline
0.8204,0.9996,active_vs_baseline
0.8206,0.9996,active_vs_baseline
0.8208,0.9996,active_vs_baseline
0.821,0.9996,active_vs_baseline
0.8212,0.9996,active_vs_baseline
0.8214,0.9996,active_vs_baseline
0.8216,0.9996,active_vs_baseline
0.8218,0.9996,active_vs_baseline
0.822,0.9996,active_vs_baseline
0.8222,0.9996,active_vs_baseline
0.8224,0.9996,active_vs_baseline
0.8226,0.9996,active_vs_baseline
0.8228,0.9996,active_vs_baseline
0.823,0.9996,active_vs_baseline
0.8232,0.9996,active_vs_baseline
0.8236,0.9996,active_vs_baseline
0.8238,0.9996,active_vs_baseline
0.824,0.9996,active_vs_baseline
0.8242,0.9996,active_vs_baseline
0.8244,0.9996,active_vs_baseline
0.8246,0.9996,active_vs_baseline
0.8248,0.9996,active_vs_baseline
0.825,0.9996,active_vs_baseline
0.8252,0.9996,active_vs_baseline
0.8254,0.9996,active_vs_baseline
0.8256,0.9996,active_vs_baseline
0.8258,0.9996,active_vs_baseline
0.826,0.9998,active_vs_baseline
0.8262,0.9998,active_vs_baseline
0.8264,0.9998,active_vs_baseline
0.8266,0.9998,active_vs_baseline
0.8276,0.9998,active_vs_baseline
0.828,0.9998,active_vs_baseline
0.8282,0.9998,active_vs_baseline
0.8284,0.9998,active_vs_baseline
0.8286,0.9998,active_vs_baseline
0.8288,0.9998,active_vs_baseline
0.829,0.9998,active_vs_baseline
0.8296,0.9998,active_vs_baseline
0.8298,0.9998,active_vs_baseline
0.83,0.9998,active_vs_baseline
0.8308,0.9998,active_vs_baseline
0.831,0.9998,active_vs_baseline
0.8318,0.9998,active_vs_baseline
0.832,0.9998,active_vs_baseline
0.8322,0.9998,active_vs_baseline
0.8326,0.9998,active_vs_baseline
0.833,0.9998,active_vs_baseline
0.8332,0.9998,active_vs_baseline
0.8334,0.9998,active_vs_baseline
0.8336,0.9998,active_vs_baseline
0.8338,0.9998,active_vs_baseline
0.834,0.9998,active_vs_baseline
0.8342,0.9998,active_vs_baseline
0.8344,0.9998,active_vs_baseline
0.8346,0.9998,active_vs_baseline
0.8348,0.9998,active_vs_baseline
0.835,0.9998,active_vs_baseline
0.8352,0.9998,active_vs_baseline
0.8354,0.9998,active_vs_baseline
0.8356,0.9998,active_vs_baseline
0.8358,0.9998,active_vs_baseline
0.836,0.9998,active_vs_baseline
0.8362,0.9998,active_vs_baseline
0.8364,0.9998,active_vs_baseline
0.8366,0.9998,active_vs_baseline
0.837,0.9998,active_vs_baseline
0.8372,0.9998,active_vs_baseline
0.8374,0.9998,active_vs_baseline
0.8376,0.9998,active_vs_baseline
0.8378,0.9998,active_vs_baseline
0.838,0.9998,active_vs_baseline
0.8382,0.9998,active_vs_baseline
0.8384,0.9998,active_vs_baseline
0.8386,0.9998,active_vs_baseline
0.8388,0.9998,active_vs_baseline
0.839,0.9998,active_vs_baseline
0.8396,0.9998,active_vs_baseline
0.8398,0.9998,active_vs_baseline
0.84,0.9998,active_vs_baseline
0.8402,0.9998,active_vs_baseline
0.8404,0.9998,active_vs_baseline
0.8406,0.9998,active_vs_baseline
0.841,0.9998,active_vs_baseline
0.8414,0.9998,active_vs_baseline
0.8416,0.9998,active_vs_baseline
0.8418,0.9998,active_vs_baseline
0.842,0.9998,active_vs_baseline
0.8426,0.9998,active_vs_baseline
0.8428,0.9998,active_vs_baseline
0.843,0.9998,active_vs_baseline
0.8432,0.9998,active_vs_baseline
0.8434,0.9998,active_vs_baseline
0.8436,0.9998,active_vs_baseline
0.8438,0.9998,active_vs_baseline
0.844,0.9998,active_vs_baseline
0.8442,0.9998,active_vs_baseline
0.8444,0.9998,active_vs_baseline
0.8446,0.9998,active_vs_baseline
0.8448,0.9998,active_vs_baseline
0.845,0.9998,active_vs_baseline
0.8452,0.9998,active_vs_baseline
0.8454,0.9998,active_vs_baseline
0.8456,0.9998,active_vs_baseline
0.8458,0.9998,active_vs_baseline
0.846,0.9998,active_vs_baseline
0.8462,0.9998,active_vs_baseline
0.8464,0.9998,active_vs_baseline
0.8466,0.9998,active_vs_baseline
0.847,0.9998,active_vs_baseline
0.8472,0.9998,active_vs_baseline
0.848,0.9998,active_vs_baseline
0.8482,0.9998,active_vs_baseline
0.8484,0.9998,active_vs_baseline
0.8486,0.9998,active_vs_baseline
0.8488,0.9998,active_vs_baseline
0.849,0.9998,active_vs_baseline
0.8492,0.9998,active_vs_baseline
0.8494,0.9998,active_vs_baseline
0.8496,0.9998,active_vs_baseline
0.8498,0.9998,active_vs_baseline
0.85,0.9998,active_vs_baseline
0.8502,0.9998,active_vs_baseline
0.8504,0.9998,active_vs_baseline
0.8506,0.9998,active_vs_baseline
0.851,0.9998,active_vs_baseline
0.8512,0.9998,active_vs_baseline
0.8514,0.9998,active_vs_baseline
0.8516,0.9998,active_vs_baseline
0.8518,0.9998,active_vs_baseline
0.852,0.9998,active_vs_baseline
0.8522,0.9998,active_vs_baseline
0.8524,0.9998,active_vs_baseline
0.8526,0.9998,active_vs_baseline
0.8528,0.9998,active_vs_baseline
0.853,0.9998,active_vs_baseline
0.8532,0.9998,active_vs_baseline
0.8534,0.9998,active_vs_baseline
0.8538,0.9998,active_vs_baseline
0.855,0.9998,active_vs_baseline
0.8552,0.9998,active_vs_baseline
0.8554,0.9998,active_vs_baseline
0.8556,0.9998,active_vs_baseline
0.8558,0.9998,active_vs_baseline
0.8568,0.9998,active_vs_baseline
0.857,0.9998,active_vs_baseline
0.8572,0.9998,active_vs_baseline
0.8574,0.9998,active_vs_baseline
0.8578,0.9998,active_vs_baseline
0.8582,0.9998,active_vs_baseline
0.8586,0.9998,active_vs_baseline
0.8588,0.9998,active_vs_baseline
0.8592,0.9998,active_vs_baseline
0.8594,0.9998,active_vs_baseline
0.8596,0.9998,active_vs_baseline
0.8598,0.9998,active_vs_baseline
0.86,0.9998,active_vs_baseline
0.8602,0.9998,active_vs_baseline
0.8604,0.9998,active_vs_baseline
0.8606,0.9998,active_vs_baseline
0.8608,0.9998,active_vs_baseline
0.861,0.9998,active_vs_baseline
0.8612,0.9998,active_vs_baseline
0.8614,0.9998,active_vs_baseline
0.8616,0.9998,active_vs_baseline
0.862,0.9998,active_vs_baseline
0.8622,0.9998,active_vs_baseline
0.8624,0.9998,active_vs_baseline
0.8626,0.9998,active_vs_baseline
0.8638,0.9998,active_vs_baseline
0.864,0.9998,active_vs_baseline
0.8642,0.9998,active_vs_baseline
0.8644,0.9998,active_vs_baseline
0.865,0.9998,active_vs_baseline
0.8652,0.9998,active_vs_baseline
0.8654,0.9998,active_vs_baseline
0.8656,0.9998,active_vs_baseline
0.866,0.9998,active_vs_baseline
0.8666,0.9998,active_vs_baseline
0.8668,0.9998,active_vs_baseline
0.867,0.9998,active_vs_baseline
0.8672,0.9998,active_vs_baseline
0.8674,0.9998,active_vs_baseline
0.8676,0.9998,active_vs_baseline
0.8678,0.9998,active_vs_baseline
0.868,0.9998,active_vs_baseline
0.8684,0.9998,active_vs_baseline
0.8686,0.9998,active_vs_baseline
0.8688,0.9998,active_vs_baseline
0.869,0.9998,active_vs_baseline
0.8692,0.9998,active_vs_baseline
0.8694,0.9998,active_vs_baseline
0.8696,0.9998,active_vs_baseline
0.8698,0.9998,active_vs_baseline
0.87,0.9998,active_vs_baseline
0.8702,0.9998,active_vs_baseline
0.8704,0.9998,active_vs_baseline
0.8706,0.9998,active_vs_baseline
0.871,0.9998,active_vs_baseline
0.8712,0.9998,active_vs_baseline
0.8714,0.9998,active_vs_baseline
0.8716,0.9998,active_vs_baseline
0.8718,0.9998,active_vs_baseline
0.872,0.9998,active_vs_baseline
0.8722,0.9998,active_vs_baseline
0.8724,0.9998,active_vs_baseline
0.8726,0.9998,active_vs_baseline
0.8728,0.9998,active_vs_baseline
0.873,0.9998,active_vs_baseline
0.8732,0.9998,active_vs_baseline
0.8734,0.9998,active_vs_baseline
0.8736,0.9998,active_vs_baseline
0.8738,0.9998,active_vs_baseline
0.874,0.9998,active_vs_baseline
0.8742,0.9998,active_vs_baseline
0.8744,0.9998,active_vs_baseline
0.8746,0.9998,active_vs_baseline
0.8748,0.9998,active_vs_baseline
0.875,0.9998,active_vs_baseline
0.8752,0.9998,active_vs_baseline
0.8754,0.9998,active_vs_baseline
0.8756,0.9998,active_vs_baseline
0.8758,0.9998,active_vs_baseline
0.876,0.9998,active_vs_baseline
0.8762,0.9998,active_vs_baseline
0.8764,0.9998,active_vs_baseline
0.8766,0.9998,active_vs_baseline
0.8768,0.9998,active_vs_baseline
0.877,0.9998,active_vs_baseline
0.8776,0.9998,active_vs_baseline
0.8778,0.9998,active_vs_baseline
0.878,0.9998,active_vs_baseline
0.8782,0.9998,active_vs_baseline
0.8784,0.9998,active_vs_baseline
0.8786,0.9998,active_vs_baseline
0.879,0.9998,active_vs_baseline
0.8792,0.9998,active_vs_baseline
0.8796,0.9998,active_vs_baseline
0.8798,0.9998,active_vs_baseline
0.88,0.9998,active_vs_baseline
0.8804,0.9998,active_vs_baseline
0.8806,0.9998,active_vs_baseline
0.8808,0.9998,active_vs_baseline
0.881,0.9998,active_vs_baseline
0.8812,0.9998,active_vs_baseline
0.8816,0.9998,active_vs_baseline
0.8818,0.9998,active_vs_baseline
0.882,0.9998,active_vs_baseline
0.8822,0.9998,active_vs_baseline
0.8828,0.9998,active_vs_baseline
0.883,0.9998,active_vs_baseline
0.8832,0.9998,active_vs_baseline
0.8834,0.9998,active_vs_baseline
0.8836,0.9998,active_vs_baseline
0.8838,0.9998,active_vs_baseline
0.884,0.9998,active_vs_baseline
0.8842,0.9998,active_vs_baseline
0.8844,0.9998,active_vs_baseline
0.885,0.9998,active_vs_baseline
0.8852,0.9998,active_vs_baseline
0.8854,0.9998,active_vs_baseline
0.886,0.9998,active_vs_baseline
0.8862,0.9998,active_vs_baseline
0.8866,0.9998,active_vs_baseline
0.8868,0.9998,active_vs_baseline
0.887,0.9998,active_vs_baseline
0.8872,0.9998,active_vs_baseline
0.8878,0.9998,active_vs_baseline
0.888,0.9998,active_vs_baseline
0.8882,0.9998,active_vs_baseline
0.8886,0.9998,active_vs_baseline
0.8888,0.9998,active_vs_baseline
0.889,0.9998,active_vs_baseline
0.8892,0.9998,active_vs_baseline
0.8894,0.9998,active_vs_baseline
0.8896,0.9998,active_vs_baseline
0.8898,0.9998,active_vs_baseline
0.89,0.9998,active_vs_baseline
0.8902,0.9998,active_vs_baseline
0.8904,0.9998,active_vs_baseline
0.8906,0.9998,active_vs_baseline
0.8908,0.9998,active_vs_baseline
0.891,0.9998,active_vs_baseline
0.8914,0.9998,active_vs_baseline
0.8916,0.9998,active_vs_baseline
0.8918,0.9998,active_vs_baseline
0.892,0.9998,active_vs_baseline
0.8922,0.9998,active_vs_baseline
0.8924,0.9998,active_vs_baseline
0.8926,0.9998,active_vs_baseline
0.8928,0.9998,active_vs_baseline
0.893,0.9998,active_vs_baseline
0.8934,0.9998,active_vs_baseline
0.8936,0.9998,active_vs_baseline
0.8938,0.9998,active_vs_baseline
0.894,0.9998,active_vs_baseline
0.8942,0.9998,active_vs_baseline
0.8944,0.9998,active_vs_baseline
0.8946,0.9998,active_vs_baseline
0.8948,0.9998,active_vs_baseline
0.895,0.9998,active_vs_baseline
0.8952,0.9998,active_vs_baseline
0.8954,0.9998,active_vs_baseline
0.8956,0.9998,active_vs_baseline
0.896,0.9998,active_vs_baseline
0.8962,0.9998,active_vs_baseline
0.8964,0.9998,active_vs_baseline
0.8966,0.9998,active_vs_baseline
0.8968,0.9998,active_vs_baseline
0.897,0.9998,active_vs_baseline
0.8972,0.9998,active_vs_baseline
0.8978,0.9998,active_vs_baseline
0.898,0.9998,active_vs_baseline
0.8982,0.9998,active_vs_baseline
0.8984,0.9998,active_vs_baseline
0.8986,0.9998,active_vs_baseline
0.8988,0.9998,active_vs_baseline
0.899,0.9998,active_vs_baseline
0.8992,0.9998,active_vs_baseline
0.8996,0.9998,active_vs_baseline
0.9,0.9998,active_vs_baseline
0.9002,0.9998,active_vs_baseline
0.9004,0.9998,active_vs_baseline
0.9006,0.9998,active_vs_baseline
0.9008,0.9998,active_vs_baseline
0.901,0.9998,active_vs_baseline
0.9012,0.9998,active_vs_baseline
0.9014,0.9998,active_vs_baseline
0.9016,0.9998,active_vs_baseline
0.9018,0.9998,active_vs_baseline
0.902,0.9998,active_vs_baseline
0.9022,0.9998,active_vs_baseline
0.9024,0.9998,active_vs_baseline
0.9026,0.9998,active_vs_baseline
0.9028,0.9998,active_vs_baseline
0.903,0.9998,active_vs_baseline
0.9032,0.9998,active_vs_baseline
0.9034,0.9998,active_vs_baseline
0.9036,0.9998,active_vs_baseline
0.9042,0.9998,active_vs_baseline
0.9044,0.9998,active_vs_baseline
0.9046,0.9998,active_vs_baseline
0.9048,0.9998,active_vs_baseline
0.905,0.9998,active_vs_baseline
0.9052,0.9998,active_vs_baseline
0.9054,0.9998,active_vs_baseline
0.9058,0.9998,active_vs_baseline
0.906,0.9998,active_vs_baseline
0.9064,0.9998,active_vs_baseline
0.9066,0.9998,active_vs_baseline
0.9068,0.9998,active_vs_baseline
0.9072,0.9998,active_vs_baseline
0.9072,1.0,active_vs_baseline
0.9074,1.0,active_vs_baseline
0.908,1.0,active_vs_baseline
0.9084,1.0,active_vs_baseline
0.9086,1.0,active_vs_baseline
0.9088,1.0,active_vs_baseline
0.909,1.0,active_vs_baseline
0.9092,1.0,active_vs_baseline
0.9094,1.0,active_vs_baseline
0.9096,1.0,active_vs_baseline
0.9098,1.0,active_vs_baseline
0.91,1.0,active_vs_baseline
0.9108,1.0,active_vs_baseline
0.911,1.0,active_vs_baseline
0.9112,1.0,active_vs_baseline
0.9118,1.0,active_vs_baseline
0.912,1.0,active_vs_baseline
0.9122,1.0,active_vs_baseline
0.9124,1.0,active_vs_baseline
0.9126,1.0,active_vs_baseline
0.9128,1.0,active_vs_baseline
0.913,1.0,active_vs_baseline
0.9132,1.0,active_vs_baseline
0.9134,1.0,active_vs_baseline
0.9136,1.0,active_vs_baseline
0.9138,1.0,active_vs_baseline
0.914,1.0,active_vs_baseline
0.9142,1.0,active_vs_baseline
0.9144,1.0,active_vs_baseline
0.9146,1.0,active_vs_baseline
0.9148,1.0,active_vs_baseline
0.915,1.0,active_vs_baseline
0.9152,1.0,active_vs_baseline
0.9154,1.0,active_vs_baseline
0.9156,1.0,active_vs_baseline
0.9158,1.0,active_vs_baseline
0.916,1.0,active_vs_baseline
0.9162,1.0,active_vs_baseline
0.9164,1.0,active_vs_baseline
0.9166,1.0,active_vs_baseline
0.9168,1.0,active_vs_baseline
0.917,1.0,active_vs_baseline
0.9174,1.0,active_vs_baseline
0.9176,1.0,active_vs_baseline
0.9178,1.0,active_vs_baseline
0.918,1.0,active_vs_baseline
0.9182,1.0,active_vs_baseline
0.9184,1.0,active_vs_baseline
0.9186,1.0,active_vs_baseline
0.9188,1.0,active_vs_baseline
0.919,1.0,active_vs_baseline
0.9192,1.0,active_vs_baseline
0.9194,1.0,active_vs_baseline
0.9196,1.0,active_vs_baseline
0.9198,1.0,active_vs_baseline
0.92,1.0,active_vs_baseline
0.9202,1.0,active_vs_baseline
0.9204,1.0,active_vs_baseline
0.9214,1.0,active_vs_baseline
0.9216,1.0,active_vs_baseline
0.9218,1.0,active_vs_baseline
0.922,1.0,active_vs_baseline
0.9222,1.0,active_vs_baseline
0.9224,1.0,active_vs_baseline
0.9226,1.0,active_vs_baseline
0.9228,1.0,active_vs_baseline
0.9232,1.0,active_vs_baseline
0.9234,1.0,active_vs_baseline
0.9236,1.0,active_vs_baseline
0.9238,1.0,active_vs_baseline
0.924,1.0,active_vs_baseline
0.9244,1.0,active_vs_baseline
0.9246,1.0,active_vs_baseline
0.9248,1.0,active_vs_baseline
0.925,1.0,active_vs_baseline
0.9252,1.0,active_vs_baseline
0.9254,1.0,active_vs_baseline
0.9256,1.0,active_vs_baseline
0.9258,1.0,active_vs_baseline
0.926,1.0,active_vs_baseline
0.9262,1.0,active_vs_baseline
0.9264,1.0,active_vs_baseline
0.9268,1.0,active_vs_baseline
0.927,1.0,active_vs_baseline
0.9272,1.0,active_vs_baseline
0.9274,1.0,active_vs_baseline
0.9276,1.0,active_vs_baseline
0.9278,1.0,active_vs_baseline
0.928,1.0,active_vs_baseline
0.9286,1.0,active_vs_baseline
0.9288,1.0,active_vs_baseline
0.929,1.0,active_vs_baseline
0.9292,1.0,active_vs_baseline
0.9294,1.0,active_vs_baseline
0.9296,1.0,active_vs_baseline
0.9298,1.0,active_vs_baseline
0.93,1.0,active_vs_baseline
0.9302,1.0,active_vs_baseline
0.9304,1.0,active_vs_baseline
0.9308,1.0,active_vs_baseline
0.931,1.0,active_vs_baseline
0.9312,1.0,active_vs_baseline
0.9314,1.0,active_vs_baseline
0.9316,1.0,active_vs_baseline
0.9318,1.0,active_vs_baseline
0.932,1.0,active_vs_baseline
0.9322,1.0,active_vs_baseline
0.9324,1.0,active_vs_baseline
0.9326,1.0,active_vs_baseline
0.9328,1.0,active_vs_baseline
0.933,1.0,active_vs_baseline
0.9332,1.0,active_vs_baseline
0.9334,1.0,active_vs_baseline
0.9336,1.0,active_vs_baseline
0.9338,1.0,active_vs_baseline
0.934,1.0,active_vs_baseline
0.9342,1.0,active_vs_baseline
0.9344,1.0,active_vs_baseline
0.9346,1.0,active_vs_baseline
0.9348,1.0,active_vs_baseline
0.935,1.0,active_vs_baseline
0.9352,1.0,active_vs_baseline
0.9354,1.0,active_vs_baseline
0.9356,1.0,active_vs_baseline
0.9358,1.0,active_vs_baseline
0.936,1.0,active_vs_baseline
0.9362,1.0,active_vs_baseline
0.9364,1.0,active_vs_baseline
0.9366,1.0,active_vs_baseline
0.9368,1.0,active_vs_baseline
0.9372,1.0,active_vs_baseline
0.9374,1.0,active_vs_baseline
0.9376,1.0,active_vs_baseline
0.938,1.0,active_vs_baseline
0.9382,1.0,active_vs_baseline
0.9384,1.0,active_vs_baseline
0.9386,1.0,active_vs_baseline
0.9388,1.0,active_vs_baseline
0.939,1.0,active_vs_baseline
0.9392,1.0,active_vs_baseline
0.9394,1.0,active_vs_baseline
0.9396,1.0,active_vs_baseline
0.9398,1.0,active_vs_baseline
0.94,1.0,active_vs_baseline
0.9402,1.0,active_vs_baseline
0.9404,1.0,active_vs_baseline
0.9406,1.0,active_vs_baseline
0.9408,1.0,active_vs_baseline
0.941,1.0,active_vs_baseline
0.9412,1.0,active_vs_baseline
0.9414,1.0,active_vs_baseline
0.9416,1.0,active_vs_baseline
0.9418,1.0,active_vs_baseline
0.942,1.0,active_vs_baseline
0.9422,1.0,active_vs_baseline
0.9424,1.0,active_vs_baseline
0.9428,1.0,active_vs_baseline
0.943,1.0,active_vs_baseline
0.9432,1.0,active_vs_baseline
0.9434,1.0,active_vs_baseline
0.9436,1.0,active_vs_baseline
0.9438,1.0,active_vs_baseline
0.944,1.0,active_vs_baseline
0.9442,1.0,active_vs_baseline
0.9444,1.0,active_vs_baseline
0.9446,1.0,active_vs_baseline
0.9448,1.0,active_vs_baseline
0.945,1.0,active_vs_baseline
0.9452,1.0,active_vs_baseline
0.9454,1.0,active_vs_baseline
0.9456,1.0,active_vs_baseline
0.9458,1.0,active_vs_baseline
0.946,1.0,active_vs_baseline
0.9462,1.0,active_vs_baseline
0.9466,1.0,active_vs_baseline
0.9468,1.0,active_vs_baseline
0.947,1.0,active_vs_baseline
0.9472,1.0,active_vs_baseline
0.9474,1.0,active_vs_baseline
0.9476,1.0,active_vs_baseline
0.9478,1.0,active_vs_baseline
0.948,1.0,active_vs_baseline
0.9482,1.0,active_vs_baseline
0.9484,1.0,active_vs_baseline
0.9486,1.0,active_vs_baseline
0.9488,1.0,active_vs_baseline
0.949,1.0,active_vs_baseline
0.9492,1.0,active_vs_baseline
0.9494,1.0,active_vs_baseline
0.9496,1.0,active_vs_baseline
0.9498,1.0,active_vs_baseline
0.95,1.0,active_vs_baseline
0.9502,1.0,active_vs_baseline
0.9504,1.0,active_vs_baseline
0.9506,1.0,active_vs_baseline
0.9508,1.0,active_vs_baseline
0.951,1.0,active_vs_baseline
0.9512,1.0,active_vs_baseline
0.9514,1.0,active_vs_baseline
0.9516,1.0,active_vs_baseline
0.9518,1.0,active_vs_baseline
0.952,1.0,active_vs_baseline
0.9522,1.0,active_vs_baseline
0.9524,1.0,active_vs_baseline
0.9526,1.0,active_vs_baseline
0.9528,1.0,active_vs_baseline
0.953,1.0,active_vs_baseline
0.9532,1.0,active_vs_baseline
0.9534,1.0,active_vs_baseline
0.9538,1.0,active_vs_baseline
0.954,1.0,active_vs_baseline
0.9542,1.0,active_vs_baseline
0.9544,1.0,active_vs_baseline
0.9546,1.0,active_vs_baseline
0.9548,1.0,active_vs_baseline
0.955,1.0,active_vs_baseline
0.9552,1.0,active_vs_baseline
0.9554,1.0,active_vs_baseline
0.9556,1.0,active_vs_baseline
0.9558,1.0,active_vs_baseline
0.956,1.0,active_vs_baseline
0.9562,1.0,active_vs_baseline
0.9564,1.0,active_vs_baseline
0.9566,1.0,active_vs_baseline
0.9568,1.0,active_vs_baseline
0.957,1.0,active_vs_baseline
0.9572,1.0,active_vs_baseline
0.9574,1.0,active_vs_baseline
0.9576,1.0,active_vs_baseline
0.9578,1.0,active_vs_baseline
0.958,1.0,active_vs_baseline
0.9582,1.0,active_vs_baseline
0.9584,1.0,active_vs_baseline
0.9586,1.0,active_vs_baseline
0.9588,1.0,active_vs_baseline
0.959,1.0,active_vs_baseline
0.9592,1.0,active_vs_baseline
0.9594,1.0,active_vs_baseline
0.9598,1.0,active_vs_baseline
0.96,1.0,active_vs_baseline
0.9602,1.0,active_vs_baseline
0.9604,1.0,active_vs_baseline
0.9608,1.0,active_vs_baseline
0.961,1.0,active_vs_baseline
0.9612,1.0,active_vs_baseline
0.9614,1.0,active_vs_baseline
0.9616,1.0,active_vs_baseline
0.9618,1.0,active_vs_baseline
0.962,1.0,active_vs_baseline
0.9622,1.0,active_vs_baseline
0.9624,1.0,active_vs_baseline
0.9626,1.0,active_vs_baseline
0.9628,1.0,active_vs_baseline
0.963,1.0,active_vs_baseline
0.9632,1.0,active_vs_baseline
0.9634,1.0,active_vs_baseline
0.9636,1.0,active_vs_baseline
0.9638,1.0,active_vs_baseline
0.964,1.0,active_vs_baseline
0.9642,1.0,active_vs_baseline
0.9644,1.0,active_vs_baseline
0.9646,1.0,active_vs_baseline
0.9648,1.0,active_vs_baseline
0.965,1.0,active_vs_baseline
0.9654,1.0,active_vs_baseline
0.9656,1.0,active_vs_baseline
0.9658,1.0,active_vs_baseline
0.966,1.0,active_vs_baseline
0.9662,1.0,active_vs_baseline
0.9664,1.0,active_vs_baseline
0.9666,1.0,active_vs_baseline
0.9668,1.0,active_vs_baseline
0.967,1.0,active_vs_baseline
0.9672,1.0,active_vs_baseline
0.9674,1.0,active_vs_baseline
0.9676,1.0,active_vs_baseline
0.9678,1.0,active_vs_baseline
0.968,1.0,active_vs_baseline
0.9684,1.0,active_vs_baseline
0.9686,1.0,active_vs_baseline
0.9688,1.0,active_vs_baseline
0.9692,1.0,active_vs_baseline
0.9694,1.0,active_vs_baseline
0.9696,1.0,active_vs_baseline
0.9698,1.0,active_vs_baseline
0.97,1.0,active_vs_baseline
0.9702,1.0,active_vs_baseline
0.9704,1.0,active_vs_baseline
0.9706,1.0,active_vs_baseline
0.9708,1.0,active_vs_baseline
0.971,1.0,active_vs_baseline
0.9712,1.0,active_vs_baseline
0.9714,1.0,active_vs_baseline
0.9716,1.0,active_vs_baseline
0.9718,1.0,active_vs_baseline
0.972,1.0,active_vs_baseline
0.9722,1.0,active_vs_baseline
0.9724,1.0,active_vs_baseline
0.9726,1.0,active_vs_baseline
0.9728,1.0,active_vs_baseline
0.973,1.0,active_vs_baseline
0.9732,1.0,active_vs_baseline
0.9734,1.0,active_vs_baseline
0.9736,1.0,active_vs_baseline
0.9738,1.0,active_vs_baseline
0.974,1.0,active_vs_baseline
0.9742,1.0,active_vs_baseline
0.9744,1.0,active_vs_baseline
0.9746,1.0,active_vs_baseline
0.9748,1.0,active_vs_baseline
0.975,1.0,active_vs_baseline
0.9752,1.0,active_vs_baseline
0.9754,1.0,active_vs_baseline
0.9756,1.0,active_vs_baseline
0.9758,1.0,active_vs_baseline
0.976,1.0,active_vs_baseline
0.9762,1.0,active_vs_baseline
0.9764,1.0,active_vs_baseline
0.9768,1.0,active_vs_baseline
0.977,1.0,active_vs_baseline
0.9772,1.0,active_vs_baseline
0.9774,1.0,active_vs_baseline
0.9776,1.0,active_vs_baseline
0.9778,1.0,active_vs_baseline
0.978,1.0,active_vs_baseline
0.9782,1.0,active_vs_baseline
0.9784,1.0,active_vs_baseline
0.9786,1.0,active_vs_baseline
0.9788,1.0,active_vs_baseline
0.979,1.0,active_vs_baseline
0.9792,1.0,active_vs_baseline
0.9794,1.0,active_vs_baseline
0.9796,1.0,active_vs_baseline
0.9798,1.0,active_vs_baseline
0.98,1.0,active_vs_baseline
0.9804,1.0,active_vs_baseline
0.9806,1.0,active_vs_baseline
0.9808,1.0,active_vs_baseline
0.981,1.0,active_vs_baseline
0.9812,1.0,active_vs_baseline
0.9814,1.0,active_vs_baseline
0.9816,1.0,active_vs_baseline
0.9818,1.0,active_vs_baseline
0.982,1.0,active_vs_baseline
0.9822,1.0,active_vs_baseline
0.9824,1.0,active_vs_baseline
0.9826,1.0,active_vs_baseline
0.9828,1.0,active_vs_baseline
0.983,1.0,active_vs_baseline
0.9832,1.0,active_vs_baseline
0.9834,1.0,active_vs_baseline
0.9836,1.0,active_vs_baseline
0.9838,1.0,active_vs_baseline
0.984,1.0,active_vs_baseline
0.9842,1.0,active_vs_baseline
0.9844,1.0,active_vs_baseline
0.9846,1.0,active_vs_baseline
0.9848,1.0,active_vs_baseline
0.985,1.0,active_vs_baseline
0.9852,1.0,active_vs_baseline
0.9854,1.0,active_vs_baseline
0.9856,1.0,active_vs_baseline
0.9858,1.0,active_vs_baseline
0.986,1.0,active_vs_baseline
0.9862,1.0,active_vs_baseline
0.9864,1.0,active_vs_baseline
0.9866,1.0,active_vs_baseline
0.9868,1.0,active_vs_baseline
0.987,1.0,active_vs_baseline
0.9872,1.0,active_vs_baseline
0.9874,1.0,active_vs_baseline
0.9876,1.0,active_vs_baseline
0.9878,1.0,active_vs_baseline
0.988,1.0,active_vs_baseline
0.9882,1.0,active_vs_baseline
0.9884,1.0,active_vs_baseline
0.9886,1.0,active_vs_baseline
0.9888,1.0,active_vs_baseline
0.989,1.0,active_vs_baseline
0.9892,1.0,active_vs_baseline
0.9894,1.0,active_vs_baseline
0.9896,1.0,active_vs_baseline
0.9898,1.0,active_vs_baseline
0.99,1.0,active_vs_baseline
0.9902,1.0,active_vs_baseline
0.9904,1.0,active_vs_baseline
0.9906,1.0,active_vs_baseline
0.9908,1.0,active_vs_baseline
0.991,1.0,active_vs_baseline
0.9912,1.0,active_vs_baseline
0.9914,1.0,active_vs_baseline
0.9916,1.0,active_vs_baseline
0.9918,1.0,active_vs_baseline
0.992,1.0,active_vs_baseline
0.9922,1.0,active_vs_baseline
0.9924,1.0,active_vs_baseline
0.9926,1.0,active_vs_baseline
0.9928,1.0,active_vs_baseline
0.993,1.0,active_vs_baseline
0.9932,1.0,active_vs_baseline
0.9934,1.0,active_vs_baseline
0.9936,1.0,active_vs_baseline
0.9938,1.0,active_vs_baseline
0.994,1.0,active_vs_baseline
0.9942,1.0,active_vs_baseline
0.9944,1.0,active_vs_baseline
0.9946,1.0,active_vs_baseline
0.9948,1.0,active_vs_baseline
0.995,1.0,active_vs_baseline
0.9952,1.0,active_vs_baseline
0.9954,1.0,active_vs_baseline
0.9956,1.0,active_vs_baseline
0.9958,1.0,active_vs_baseline
0.996,1.0,active_vs_baseline
0.9962,1.0,active_vs_baseline
0.9964,1.0,active_vs_baseline
0.9966,1.0,active_vs_baseline
0.9968,1.0,active_vs_baseline
0.997,1.0,active_vs_baseline
0.9972,1.0,active_vs_baseline
0.9974,1.0,active_vs_baseline
0.9976,1.0,active_vs_baseline
0.9978,1.0,active_vs_baseline
0.998,1.0,active_vs_baseline
0.9982,1.0,active_vs_baseline
0.9984,1.0,active_vs_baseline
0.9986,1.0,active_vs_baseline
0.9988,1.0,active_vs_baseline
0.999,1.0,active_vs_baseline
0.9992,1.0,active_vs_baseline
0.9994,1.0,active_vs_baseline
0.9996,1.0,active_vs_baseline
0.9998,1.0,active_vs_baseline
1.0,1.0,active_vs_baseline
1.0,1.0,active_vs_baseline
